CarNumber,Fines,Refund,Make,Model,Year
E714KP21RUS,3194.0,1,BMW,320,1989
E911XK42RUS,1438.0,10,Volkswagen,Passat,1995
E893AK16RUS,2717.8857466063,6,Skoda,Octavia,1984
P807TT161RUS,1552.0,5,,,2015
K303XH61RUS,3700.0,7,Skoda,Octavia,2014
E101XK169RUS,4326.0,7,,,1990
E916PM79RUS,1603.0,7,Ford,Mondeo,1988
H778MC36RUS,2418.0,6,Ford,Mondeo,2016
B206HX178RUS,838.0,6,Skoda,Octavia,2018
P141PC193RUS,2112.0,2,BMW,320,2000
X584EK151RUS,2113.0,1,Ford,Fiesta,2000
A394HB54RUS,3562.0,5,BMW,320,1992
T303TX108RUS,3644.0,3,Ford,Fiesta,1985
M365OP29RUS,4265.0,7,Volkswagen,Golf,2018
X581XT183RUS,2434.0,9,Skoda,Octavia,2017
X229XH80RUS,3090.0,8,Toyota,Camry,1998
K850EX137RUS,2006.0,7,Ford,Focus,1986
O827CE145RUS,3084.0,6,Volkswagen,Passat,2014
A692TT172RUS,2168.0,4,Ford,Mondeo,1985
C672PH61RUS,658.0,6,Ford,Focus,1996
E911XK42RUS,1300.0,1,Skoda,Octavia,2015
T436XK85RUS,3790.0,4,Skoda,Octavia,2007
T734MH38RUS,838.0,9,Volkswagen,Golf,2013
H711TA153RUS,2306.0,2,Skoda,Octavia,1992
O844TB123RUS,2717.8857466063,2,Toyota,Camry,1998
C673CE193RUS,605.0,8,Volkswagen,Passat,1995
K635TO127RUS,2717.8857466063,7,Ford,Fiesta,1986
E801CX107RUS,3685.0,7,Skoda,Octavia,2000
O400BE42RUS,1979.0,5,Ford,Fiesta,2006
K850EX137RUS,4462.0,1,Volkswagen,Passat,2008
H226EO60RUS,4741.0,5,Volkswagen,Passat,1989
P316TB150RUS,1449.0,5,Volkswagen,Passat,1996
E714KP21RUS,1273.0,5,Volkswagen,Golf,1980
C453BB195RUS,1325.0,1,,,1985
M128TT116RUS,2146.0,3,Ford,Mondeo,1985
O429HT171RUS,3306.0,7,Skoda,Octavia,2015
P443HK149RUS,4935.0,3,Toyota,Camry,1984
K383AA51RUS,3854.0,7,Ford,Mondeo,1992
C453BB195RUS,4351.0,7,Skoda,Octavia,2010
C398TC26RUS,1592.0,3,Ford,Mondeo,2010
C398TC26RUS,2946.0,3,Volkswagen,Golf,1992
K424XT43RUS,4625.0,3,Ford,Mondeo,2018
T453MC158RUS,1166.0,3,Ford,Fiesta,2005
A634ET109RUS,1733.0,3,Skoda,Octavia,2012
X168TH126RUS,502.0,9,Toyota,Camry,2006
O448KE71RUS,612.0,9,Ford,Fiesta,2012
E527KP183RUS,1294.0,9,,,2005
B704XP18RUS,3336.0,8,Toyota,Camry,1995
B736EA105RUS,3222.0,10,Toyota,Camry,1982
T624TM123RUS,2322.0,4,Ford,Mondeo,1987
A746EB53RUS,2717.8857466063,1,Volkswagen,Golf,2013
M341MX140RUS,3267.0,5,BMW,320,1988
K750XK133RUS,2501.0,6,BMW,320,2019
A706AX62RUS,4450.0,2,,,2010
X904OH139RUS,3550.0,6,Ford,Focus,2004
A746EB53RUS,3974.0,6,Ford,Mondeo,2005
K624TT94RUS,3769.0,6,,,1980
P807TT161RUS,2313.0,6,Ford,Focus,2005
H673KA98RUS,3917.0,4,Ford,Fiesta,2008
K488CT87RUS,2176.0,1,Ford,Fiesta,1994
T767MO66RUS,3138.0,2,Skoda,Octavia,2019
T436XK85RUS,828.0,6,Volkswagen,Passat,1985
A810MC52RUS,3726.0,4,Skoda,Octavia,1998
H189MX164RUS,2402.0,2,Ford,Mondeo,2019
E541XT52RUS,3397.0,4,Skoda,Octavia,2012
E527KP183RUS,1307.0,8,Toyota,Camry,1984
T624TM123RUS,4744.0,8,Volkswagen,Passat,2014
C537ET138RUS,3971.0,6,BMW,320,2012
T352TX66RUS,1406.0,3,Ford,Mondeo,1996
A193CT190RUS,2963.0,3,Toyota,Camry,2015
H189MX164RUS,4113.0,4,Skoda,Octavia,1981
C851KP59RUS,1211.0,5,Ford,Mondeo,1981
K850EX137RUS,3793.0,7,BMW,320,2007
T305TM28RUS,2717.8857466063,10,Ford,Fiesta,2013
B565MM178RUS,1178.0,1,Skoda,Octavia,2012
M954MT115RUS,820.0,8,Ford,Focus,2011
K383AA51RUS,3546.0,10,Ford,Focus,1982
K858KC94RUS,3174.0,3,Skoda,Octavia,2002
M354PC62RUS,4126.0,8,,,1990
K607MM170RUS,2717.8857466063,1,Toyota,Camry,2009
E532TH131RUS,1985.0,5,,,2005
O674MH70RUS,2972.0,5,Volkswagen,Golf,1997
P316TB150RUS,2717.8857466063,7,,,1983
O448KE71RUS,2717.8857466063,4,Ford,Focus,1981
P116HM150RUS,4924.0,3,Volkswagen,Golf,1981
E349TE61RUS,3578.0,2,Volkswagen,Golf,1995
E541XT52RUS,3759.0,2,,,2013
C584TC61RUS,1749.0,5,Volkswagen,Passat,2013
O674MH70RUS,2717.8857466063,1,Skoda,Octavia,1991
K624TT94RUS,1568.0,3,Skoda,Octavia,1991
O740BA44RUS,2717.8857466063,5,Ford,Mondeo,1993
O225OT165RUS,637.0,2,Ford,Focus,2017
X948KE18RUS,1818.0,2,BMW,320,2016
X581XT183RUS,3035.0,9,Ford,Fiesta,2002
O541PC42RUS,3620.0,10,Skoda,Octavia,1997
P316TB150RUS,2407.0,5,Ford,Fiesta,1989
A741CH152RUS,2717.8857466063,6,Volkswagen,Passat,2009
O563OM167RUS,4588.0,8,BMW,320,1983
K512TM84RUS,1848.0,1,Volkswagen,Passat,2010
P102AC92RUS,2581.0,9,Skoda,Octavia,2018
K512TM84RUS,3280.0,9,Skoda,Octavia,2008
M365OP29RUS,950.0,8,Toyota,Camry,2004
X609KM11RUS,2614.0,2,BMW,320,1981
B494HM172RUS,4992.0,1,Ford,Focus,1981
E714KP21RUS,2717.8857466063,5,Ford,Focus,2008
K488CT87RUS,1345.0,4,Ford,Fiesta,1996
A394HB54RUS,3396.0,2,Ford,Fiesta,2005
M128TT116RUS,2717.8857466063,4,Volkswagen,Golf,2015
O438KH34RUS,2717.8857466063,8,Ford,Fiesta,1990
E916PM79RUS,3574.0,9,Toyota,Camry,1989
K303XH61RUS,1239.0,10,Ford,Mondeo,1984
K337XC135RUS,3001.0,1,BMW,320,2008
P116HM150RUS,3540.0,8,Ford,Focus,1996
K465KK188RUS,602.0,9,Ford,Mondeo,2014
O827CE145RUS,2717.8857466063,3,Ford,Fiesta,1980
H508OA79RUS,3985.0,5,Skoda,Octavia,2010
T398XT143RUS,4648.0,1,Volkswagen,Passat,1994
C513CO59RUS,4369.0,4,Ford,Mondeo,1981
H753TX110RUS,4812.0,3,,,1994
K303XH61RUS,3565.0,6,Skoda,Octavia,1981
M566AT86RUS,3243.0,1,Ford,Mondeo,2016
B494HM172RUS,4114.0,10,Skoda,Octavia,1980
O632XE167RUS,536.0,10,BMW,320,1983
T947XA171RUS,1781.0,4,Ford,Mondeo,1987
O225OT165RUS,970.0,9,BMW,320,2012
C453BB195RUS,3448.0,3,Ford,Fiesta,2004
K397KP50RUS,4951.0,3,,,2015
B638MX94RUS,4331.0,1,Ford,Fiesta,2010
B206HX178RUS,1019.0,1,,,1990
X832CO153RUS,3399.0,8,Volkswagen,Passat,2009
T947XA171RUS,712.0,4,Volkswagen,Golf,2003
O742XM40RUS,1990.0,4,Ford,Mondeo,2019
X229XH80RUS,3021.0,3,Ford,Fiesta,2010
P316TB150RUS,1547.0,3,Ford,Focus,2017
B888MC47RUS,3821.0,6,Toyota,Camry,1992
O248PC129RUS,3064.0,10,Skoda,Octavia,2015
T624TM123RUS,2852.0,7,Volkswagen,Passat,2014
E541XT52RUS,4499.0,8,,,1998
E801CX107RUS,1844.0,5,Volkswagen,Passat,2006
P316TB150RUS,2485.0,6,Volkswagen,Passat,2011
O448KE71RUS,2804.0,5,Volkswagen,Golf,1995
T129AT17RUS,3517.0,6,Toyota,Camry,2005
C790PB112RUS,2397.0,6,Ford,Focus,1998
K635TO127RUS,2654.0,6,Skoda,Octavia,1994
P807TT161RUS,2927.0,8,BMW,320,2018
E720TH149RUS,2717.8857466063,1,Ford,Focus,1983
H932HT159RUS,1900.0,10,Toyota,Camry,2006
H508OA79RUS,1687.0,6,BMW,320,2017
T398XT143RUS,2223.0,10,Skoda,Octavia,1992
P807TT161RUS,3267.0,10,,,1981
K488CT87RUS,3840.0,10,Volkswagen,Golf,1985
O740BA44RUS,4171.0,6,Volkswagen,Passat,1990
H588AO145RUS,2717.8857466063,6,Volkswagen,Golf,2016
T947XA171RUS,3068.0,10,Volkswagen,Passat,1983
T303TX108RUS,4258.0,6,Ford,Focus,2002
T124MC74RUS,3301.0,4,Skoda,Octavia,1985
O541PC42RUS,3479.0,2,Ford,Fiesta,1991
P686CC47RUS,3544.0,1,Skoda,Octavia,1999
X581XT183RUS,2598.0,7,BMW,320,2015
X765OO18RUS,3872.0,2,Volkswagen,Passat,2014
X229XH80RUS,635.0,8,Ford,Mondeo,2019
T398XT143RUS,1346.0,8,Ford,Fiesta,1991
T924KT177RUS,2377.0,8,BMW,320,1980
C790PB112RUS,4475.0,9,Skoda,Octavia,1985
K624TT94RUS,2226.0,10,BMW,320,2016
K750XK133RUS,4325.0,8,Volkswagen,Golf,1981
K512TM84RUS,2327.0,9,Ford,Fiesta,2006
O429HT171RUS,1931.0,7,Volkswagen,Passat,2001
M341MX140RUS,4020.0,7,Ford,Fiesta,1996
X144AC160RUS,3525.0,1,,,1993
H241TA46RUS,1718.0,7,Volkswagen,Golf,1995
P418OA184RUS,2717.8857466063,8,Ford,Fiesta,2003
P141PC193RUS,1336.0,9,,,1982
X948KE18RUS,3648.0,4,,,1995
M282OK133RUS,2892.0,7,Volkswagen,Passat,1991
M203TC13RUS,2697.0,4,Toyota,Camry,2008
X144AC160RUS,4459.0,6,BMW,320,1999
K858KC94RUS,2676.0,5,Toyota,Camry,1998
H223BX110RUS,2448.0,5,Ford,Fiesta,2003
O827CE145RUS,3380.0,8,Toyota,Camry,2006
O632XE167RUS,4511.0,8,Ford,Mondeo,1996
P102AC92RUS,4495.0,7,Ford,Mondeo,1994
C707PO39RUS,2065.0,4,Ford,Focus,1987
O225OT165RUS,1730.0,6,Volkswagen,Golf,2013
A902HT130RUS,2771.0,7,Toyota,Camry,1990
T398XT143RUS,1598.0,9,Skoda,Octavia,2019
O977ET106RUS,2717.0,5,Ford,Fiesta,2011
X270BH58RUS,1017.0,3,BMW,320,2002
K424XT43RUS,3695.0,6,Toyota,Camry,1980
T303TX108RUS,3188.0,3,Volkswagen,Passat,1997
A227PM105RUS,2003.0,3,Ford,Mondeo,1981
K379TB187RUS,844.0,2,Ford,Fiesta,1985
X581XT183RUS,4229.0,1,Toyota,Camry,2002
A483PP155RUS,2104.0,5,Volkswagen,Golf,2001
B564XT129RUS,3316.0,6,Volkswagen,Golf,1990
T253PM11RUS,1053.0,2,Ford,Focus,1991
K488CT87RUS,4555.0,1,Ford,Mondeo,1995
T924KT177RUS,1144.0,1,BMW,320,1993
X450MM75RUS,3761.0,8,Toyota,Camry,2015
A193CT190RUS,1071.0,2,BMW,320,1999
P443HK149RUS,4742.0,2,Skoda,Octavia,2019
K642BX101RUS,2717.8857466063,1,Ford,Focus,1989
O400BE42RUS,4248.0,8,Toyota,Camry,2012
A471PB165RUS,2717.8857466063,10,Ford,Focus,1998
C537ET138RUS,1017.0,7,Volkswagen,Golf,1983
P141PC193RUS,1775.0,9,Volkswagen,Passat,1983
K624TT94RUS,2717.8857466063,9,,,1989
P218BM110RUS,3204.0,7,BMW,320,2005
K925XM189RUS,2484.0,5,Ford,Fiesta,2017
M566AT86RUS,2071.0,5,Volkswagen,Golf,2006
T400KO71RUS,4028.0,8,BMW,320,1982
T303TX108RUS,4150.0,9,Skoda,Octavia,1981
H321EX110RUS,2717.8857466063,5,Volkswagen,Golf,2004
M181MH38RUS,2539.0,5,Skoda,Octavia,1991
X765OO18RUS,3258.0,4,Ford,Mondeo,2001
C707PO39RUS,4086.0,4,Volkswagen,Passat,2010
H177XH152RUS,2717.8857466063,3,Ford,Fiesta,1991
H449XA106RUS,2717.8857466063,6,,,2018
K379TB187RUS,826.0,4,Volkswagen,Golf,2013
C774TC55RUS,3737.0,2,BMW,320,2014
T436XK85RUS,1341.0,5,Ford,Focus,1991
T734MH38RUS,2995.0,7,Ford,Mondeo,1985
E882HT121RUS,863.0,7,Skoda,Octavia,1981
K424XT43RUS,868.0,4,Skoda,Octavia,1987
P141PC193RUS,4950.0,2,Ford,Focus,2014
E286CT57RUS,3219.0,3,Volkswagen,Passat,2019
P218BM110RUS,4677.0,6,Toyota,Camry,1993
H177XH152RUS,3242.0,1,BMW,320,2000
B514EK46RUS,1669.0,3,BMW,320,1993
X832CO153RUS,513.0,2,Ford,Focus,2008
C672PH61RUS,508.0,3,BMW,320,1983
X549CC189RUS,2915.0,6,Ford,Fiesta,1980
M954MT115RUS,1659.0,6,Ford,Mondeo,1995
T400KO71RUS,766.0,9,Skoda,Octavia,2017
T767MO66RUS,4354.0,6,Volkswagen,Golf,1983
A288KX137RUS,1576.0,4,Volkswagen,Passat,2008
K383AA51RUS,3599.0,4,Ford,Focus,1989
O501CX76RUS,3876.0,5,Skoda,Octavia,1997
K635TO127RUS,637.0,8,,,1986
O225OT165RUS,3786.0,4,BMW,320,1981
T125PX109RUS,2717.8857466063,1,Skoda,Octavia,2019
A394HB54RUS,2393.0,10,BMW,320,2010
K607MM170RUS,1893.0,2,Skoda,Octavia,2018
O400BE42RUS,1940.0,9,,,1999
X549CC189RUS,3447.0,5,Volkswagen,Passat,2002
O716HA116RUS,3302.0,9,Toyota,Camry,2013
A193CT190RUS,529.0,9,Volkswagen,Golf,2002
T352TX66RUS,961.0,5,,,1992
P597TT172RUS,1198.0,5,Toyota,Camry,2003
X368KT116RUS,2717.8857466063,2,Ford,Focus,2018
T253PM11RUS,2676.0,8,Toyota,Camry,1987
P597TT172RUS,2717.8857466063,9,Volkswagen,Golf,1998
K488CT87RUS,4101.0,3,Ford,Focus,2009
X549CC189RUS,3156.0,9,Ford,Fiesta,2011
K624TT94RUS,3867.0,3,Ford,Fiesta,2006
T398XT143RUS,4214.0,7,Ford,Focus,2001
K303XH61RUS,1226.0,5,Skoda,Octavia,2003
X163XA123RUS,2717.8857466063,5,Volkswagen,Golf,2014
T323PE160RUS,2244.0,8,BMW,320,1999
X581XT183RUS,2717.8857466063,6,Skoda,Octavia,1992
O429HT171RUS,1875.0,1,Ford,Focus,1985
C232TX172RUS,2717.8857466063,9,Ford,Fiesta,2003
E673CM167RUS,4317.0,9,BMW,320,1985
H811TO199RUS,847.0,2,Volkswagen,Golf,1996
P807TT161RUS,1937.0,7,Skoda,Octavia,2013
E629BT139RUS,1877.0,8,Volkswagen,Passat,2012
K303XH61RUS,871.0,2,,,2007
K624TT94RUS,3181.0,7,Volkswagen,Golf,1995
E639ME26RUS,4506.0,1,Ford,Fiesta,2014
B380OH81RUS,680.0,2,Toyota,Camry,2007
P105MB29RUS,3374.0,2,Skoda,Octavia,2015
E349TE61RUS,786.0,4,Volkswagen,Golf,2009
X270BH58RUS,1414.0,7,Toyota,Camry,2015
T938BP118RUS,3226.0,6,Ford,Fiesta,1984
A227PM105RUS,1845.0,9,Ford,Mondeo,1990
T436XK85RUS,1750.0,10,Skoda,Octavia,2004
P630CT54RUS,4888.0,6,Ford,Mondeo,2017
C232TX172RUS,2303.0,10,Volkswagen,Golf,2004
T303TX108RUS,2690.0,9,Volkswagen,Passat,1993
K642BX101RUS,2478.0,9,Ford,Mondeo,1982
C852PK84RUS,3903.0,6,Volkswagen,Golf,1986
C851KP59RUS,2717.8857466063,6,BMW,320,2004
K624TT94RUS,2717.8857466063,7,Volkswagen,Passat,1997
C852OK191RUS,1449.0,5,,,2006
X609KM11RUS,2717.8857466063,9,Volkswagen,Golf,2008
K488CT87RUS,3681.0,10,Volkswagen,Golf,1984
C398TC26RUS,847.0,7,Toyota,Camry,2002
C852PK84RUS,1891.0,5,Volkswagen,Passat,1987
P630CT54RUS,2027.0,3,Ford,Fiesta,2011
X270BH58RUS,4654.0,6,BMW,320,2010
M181MH38RUS,1613.0,8,Toyota,Camry,1994
B422PP59RUS,3947.0,2,Volkswagen,Golf,2016
B565MM178RUS,746.0,10,Toyota,Camry,1987
T352TX66RUS,1347.0,10,Toyota,Camry,2010
X832CO153RUS,4643.0,10,BMW,320,2004
X584EK151RUS,1875.0,8,Volkswagen,Passat,2009
X584EK151RUS,1709.0,9,Volkswagen,Passat,2005
E284TA157RUS,4252.0,6,Ford,Fiesta,1996
A394HB54RUS,4425.0,8,,,2019
X832CO153RUS,1558.0,8,Volkswagen,Golf,1998
H483MT43RUS,2204.0,3,BMW,320,1992
O170AB188RUS,3028.0,7,Ford,Focus,2004
B849TP184RUS,3563.0,1,Ford,Fiesta,2006
B736EA105RUS,3316.0,6,Volkswagen,Golf,2019
C398TC26RUS,3024.0,2,Volkswagen,Golf,1983
M203TC13RUS,1171.0,5,Ford,Focus,2009
T938BP118RUS,623.0,8,Ford,Fiesta,1989
C453BB195RUS,1549.0,6,Toyota,Camry,1990
A706AX62RUS,2597.0,8,Toyota,Camry,1981
H673KA98RUS,531.0,1,Ford,Mondeo,1997
X144AC160RUS,3317.0,1,BMW,320,2008
T891EC33RUS,4032.0,2,Ford,Fiesta,2005
O448KE71RUS,2717.8857466063,7,Ford,Fiesta,2018
H778MC36RUS,1019.0,10,Ford,Fiesta,2009
E541XT52RUS,3588.0,9,BMW,320,2012
C513CO59RUS,562.0,9,BMW,320,1987
K642BX101RUS,3583.0,9,Volkswagen,Passat,1980
T773PX182RUS,3329.0,6,Ford,Mondeo,2005
B289TO63RUS,3688.0,10,BMW,320,2002
T129AT17RUS,3927.0,4,BMW,320,1988
E532TH131RUS,2717.8857466063,6,Volkswagen,Golf,2016
O742XM40RUS,2559.0,2,BMW,320,1990
T323PE160RUS,1230.0,10,Volkswagen,Passat,1992
T303TX108RUS,3698.0,9,Skoda,Octavia,2011
E714KP21RUS,2258.0,8,Volkswagen,Passat,2009
M128TT116RUS,4412.0,8,Ford,Mondeo,2006
C398TC26RUS,4155.0,6,Ford,Mondeo,1991
H778MC36RUS,4106.0,8,Ford,Focus,2009
K642BX101RUS,2729.0,9,Ford,Focus,1985
A746EB53RUS,3059.0,7,Ford,Fiesta,1986
K731EA165RUS,3083.0,4,BMW,320,2015
X584EK151RUS,1502.0,2,Volkswagen,Passat,2003
P553XA20RUS,2627.0,5,BMW,320,2019
K303XH61RUS,2717.8857466063,4,Volkswagen,Passat,2019
M282OK133RUS,3287.0,1,Volkswagen,Passat,1995
H932HT159RUS,4015.0,9,Ford,Focus,1990
A394HB54RUS,1399.0,9,BMW,320,2000
A706AX62RUS,3230.0,9,Ford,Fiesta,1988
T753BT157RUS,581.0,2,Ford,Fiesta,2009
T924KT177RUS,874.0,2,Skoda,Octavia,1998
O759BX116RUS,1359.0,10,,,1985
T624TM123RUS,3987.0,10,Ford,Mondeo,1998
T323PE160RUS,2717.8857466063,10,Ford,Mondeo,1988
E603MX87RUS,2717.8857466063,9,Ford,Mondeo,1994
A738MX48RUS,2014.0,8,Volkswagen,Golf,1999
E284TA157RUS,4245.0,3,Volkswagen,Passat,1980
O716HA116RUS,2717.8857466063,3,,,2015
K679TA86RUS,2383.0,7,Skoda,Octavia,1987
E801CX107RUS,3643.0,7,Volkswagen,Passat,2006
O742XM40RUS,903.0,5,Ford,Focus,2006
P141PC193RUS,1443.0,10,Ford,Mondeo,1996
T624TM123RUS,3386.0,8,BMW,320,2012
C584TC61RUS,1993.0,10,Ford,Focus,2001
X163XA123RUS,1112.0,2,BMW,320,1980
C707PO39RUS,4763.0,1,Ford,Fiesta,2013
T753BT157RUS,3313.0,7,Volkswagen,Golf,2000
T753BT157RUS,4162.0,7,BMW,320,2000
B638MX94RUS,4926.0,9,BMW,320,1982
H753TX110RUS,1465.0,10,BMW,320,1994
K397KP50RUS,4447.0,3,Volkswagen,Passat,1995
T305TM28RUS,2805.0,7,Toyota,Camry,1981
K731EA165RUS,3768.0,8,Ford,Focus,2002
T303TX108RUS,1424.0,7,Skoda,Octavia,1983
B422PP59RUS,2169.0,1,Toyota,Camry,1980
H932OT27RUS,2602.0,5,Toyota,Camry,2012
A706AX62RUS,3182.0,4,Ford,Focus,2003
H912TX128RUS,4050.0,3,Volkswagen,Passat,2004
C707PO39RUS,4103.0,6,Ford,Focus,2018
P630CT54RUS,1747.0,6,Ford,Focus,1984
T767MO66RUS,1925.0,9,Toyota,Camry,1985
P512XC192RUS,1265.0,1,Ford,Fiesta,2010
O742XM40RUS,883.0,6,Skoda,Octavia,2001
B422PP59RUS,2058.0,6,,,1985
E673CM167RUS,872.0,7,Skoda,Octavia,1980
C513CO59RUS,2717.8857466063,7,Volkswagen,Passat,1986
O844TB123RUS,4381.0,9,Ford,Focus,1993
B564XT129RUS,1508.0,1,Skoda,Octavia,2006
C398TC26RUS,3413.0,6,Skoda,Octavia,2017
B103PA133RUS,1721.0,5,Ford,Mondeo,1994
C851KP59RUS,3712.0,8,BMW,320,1989
E911XK42RUS,3646.0,8,Ford,Mondeo,2000
X368KT116RUS,1746.0,8,Skoda,Octavia,1982
T882AK67RUS,2297.0,4,Ford,Mondeo,1995
A706AX62RUS,3363.0,2,BMW,320,1997
A746EB53RUS,2292.0,2,Ford,Mondeo,2017
H711TA153RUS,2998.0,9,Ford,Fiesta,1990
M181MH38RUS,2717.8857466063,1,,,1995
X549CC189RUS,3777.0,1,Volkswagen,Passat,1989
E673CM167RUS,1768.0,10,Volkswagen,Passat,1982
K337XC135RUS,583.0,6,Ford,Focus,2016
T947XA171RUS,2255.0,3,,,1983
B422PP59RUS,1180.0,5,,,2004
E284TA157RUS,1481.0,1,Ford,Mondeo,1995
X270BH58RUS,1716.0,9,,,2004
P218BM110RUS,2717.8857466063,6,Volkswagen,Golf,2007
X163XA123RUS,2958.0,6,Volkswagen,Passat,2001
O957PE182RUS,3525.0,2,Toyota,Camry,2001
P630CT54RUS,4380.0,5,Ford,Fiesta,1989
B103PA133RUS,2752.0,1,Ford,Focus,1985
M128TT116RUS,4049.0,8,Volkswagen,Golf,2002
E527KP183RUS,2886.0,8,Volkswagen,Golf,2009
C672PH61RUS,1011.0,1,Ford,Fiesta,2009
O844TB123RUS,4381.0,5,Skoda,Octavia,1992
B380OH81RUS,3943.0,4,BMW,320,1990
B564XT129RUS,2611.0,4,,,1982
O429HT171RUS,506.0,1,Toyota,Camry,1984
B514EK46RUS,2499.0,4,Toyota,Camry,2014
K379TB187RUS,1050.0,8,Ford,Mondeo,2005
T938BP118RUS,1359.0,5,Volkswagen,Golf,1986
O844TB123RUS,3100.0,6,Volkswagen,Golf,2019
K512TM84RUS,1299.0,5,BMW,320,2015
K607MM170RUS,2716.0,10,Ford,Fiesta,2010
B854KH32RUS,2628.0,2,Volkswagen,Passat,1993
T253PM11RUS,2771.0,7,BMW,320,2017
P630CT54RUS,4308.0,2,Toyota,Camry,1991
T753BT157RUS,1255.0,2,Ford,Focus,2003
K624TT94RUS,2059.0,7,Toyota,Camry,1987
B103PA133RUS,1932.0,5,,,2009
X609KM11RUS,2769.0,10,BMW,320,1986
B380OH81RUS,4699.0,9,Volkswagen,Passat,2005
E673CM167RUS,606.0,6,,,2017
C672PH61RUS,2797.0,6,Skoda,Octavia,2004
P102AC92RUS,2717.8857466063,1,Volkswagen,Passat,1998
A193CT190RUS,1649.0,8,Ford,Focus,1987
H321EX110RUS,3990.0,2,Toyota,Camry,2011
C851KP59RUS,2476.0,7,Ford,Fiesta,2009
T938BP118RUS,3618.0,5,BMW,320,1985
B736EA105RUS,1728.0,5,Volkswagen,Passat,2013
X832CO153RUS,1760.0,7,Volkswagen,Passat,1985
A634ET109RUS,2717.8857466063,6,Ford,Fiesta,2014
H588AO145RUS,3034.0,9,BMW,320,2014
T624TM123RUS,1243.0,2,Skoda,Octavia,1988
E673CM167RUS,1236.0,6,Volkswagen,Golf,2016
C774TC55RUS,745.0,4,Toyota,Camry,1989
B380OH81RUS,3875.0,1,Toyota,Camry,2013
A471PB165RUS,4103.0,5,Ford,Focus,1998
K731EA165RUS,4433.0,1,Ford,Fiesta,1992
B422PP59RUS,4918.0,1,Ford,Fiesta,1988
K635TO127RUS,3234.0,2,Volkswagen,Golf,2007
E673CM167RUS,4149.0,2,Ford,Fiesta,1988
H189MX164RUS,3142.0,1,BMW,320,1989
O170AB188RUS,1215.0,5,Toyota,Camry,2011
E893AK16RUS,954.0,8,Ford,Focus,1985
T323PE160RUS,3612.0,2,Toyota,Camry,2000
A394HB54RUS,2303.0,8,Ford,Focus,2010
O759BX116RUS,2070.0,4,BMW,320,2018
K614EC124RUS,4318.0,7,,,1984
H241TA46RUS,3163.0,1,Ford,Mondeo,2017
X549CC189RUS,4153.0,10,Ford,Focus,2013
E541XT52RUS,4186.0,2,Toyota,Camry,2013
O977ET106RUS,908.0,1,BMW,320,1989
K614EC124RUS,1455.0,1,Volkswagen,Passat,2009
T753BT157RUS,3910.0,8,Ford,Focus,2010
K465KK188RUS,2749.0,8,Ford,Fiesta,1990
O170AB188RUS,2717.8857466063,9,,,2004
H226EO60RUS,2957.0,5,Volkswagen,Golf,1990
X450MM75RUS,4601.0,1,Volkswagen,Passat,2001
K512TM84RUS,2533.0,1,,,2007
K322TP143RUS,4081.0,9,,,2017
P116HM150RUS,768.0,8,Volkswagen,Golf,2005
X765OO18RUS,4783.0,5,Ford,Focus,2002
O674MH70RUS,702.0,1,Volkswagen,Golf,2016
X549CC189RUS,4121.0,10,Ford,Fiesta,2009
C673CE193RUS,4285.0,7,Volkswagen,Passat,2013
P512XC192RUS,2523.0,4,Skoda,Octavia,2001
C453BB195RUS,3332.0,9,Ford,Focus,1997
T891EC33RUS,3541.0,4,Toyota,Camry,2015
A692TT172RUS,1162.0,9,Volkswagen,Golf,2002
T492PC75RUS,2028.0,2,Ford,Fiesta,1994
X609KM11RUS,643.0,8,,,2015
P807TT161RUS,544.0,1,Ford,Focus,2016
C513CO59RUS,2355.0,5,BMW,320,2010
P218BM110RUS,2717.8857466063,7,Ford,Mondeo,1992
P316TB150RUS,584.0,7,BMW,320,2011
H811TO199RUS,4629.0,9,Ford,Mondeo,1990
C984CA136RUS,3985.0,1,Volkswagen,Passat,2003
E893AK16RUS,1759.0,7,Ford,Focus,1985
P703BA166RUS,2109.0,9,Volkswagen,Golf,2015
P703BA166RUS,1691.0,9,Skoda,Octavia,2009
E893AK16RUS,597.0,5,Volkswagen,Passat,2002
T938BP118RUS,2717.8857466063,5,Ford,Focus,2008
A288KX137RUS,577.0,3,Toyota,Camry,2011
O674MH70RUS,582.0,3,BMW,320,1991
M354PC62RUS,2561.0,8,Ford,Fiesta,2012
C707PO39RUS,1199.0,8,,,2011
E788TT161RUS,1789.0,2,Ford,Fiesta,2005
O170AB188RUS,4921.0,1,BMW,320,2013
T345OA132RUS,2977.0,10,Ford,Focus,2007
C673CE193RUS,1821.0,9,Ford,Focus,2002
E231ME60RUS,3674.0,9,,,1983
E532TH131RUS,1870.0,2,Volkswagen,Passat,2011
O632XE167RUS,2717.8857466063,8,Volkswagen,Golf,2011
B514EK46RUS,3033.0,9,Ford,Fiesta,2008
M128TT116RUS,2597.0,2,Skoda,Octavia,1989
A483PP155RUS,1887.0,1,Volkswagen,Golf,1995
E673CM167RUS,2717.8857466063,5,Volkswagen,Golf,2007
A706AX62RUS,1573.0,9,Skoda,Octavia,2005
P703BA166RUS,786.0,6,Toyota,Camry,1987
T624TM123RUS,3252.0,7,Ford,Mondeo,2002
T124MC74RUS,2717.8857466063,7,,,2012
B564XT129RUS,4468.0,1,BMW,320,1982
A746EB53RUS,2717.8857466063,1,BMW,320,1991
H449XA106RUS,1594.0,8,Volkswagen,Passat,2011
A706AX62RUS,3980.0,4,Ford,Focus,1986
H673KA98RUS,2779.0,10,,,1998
O448KE71RUS,1967.0,10,,,2005
O448KE71RUS,4226.0,7,Ford,Focus,1991
C852OK191RUS,2977.0,4,BMW,320,2005
T129AT17RUS,3542.0,9,BMW,320,1993
O448KE71RUS,2661.0,10,Skoda,Octavia,1985
T398XT143RUS,640.0,7,Skoda,Octavia,2002
A193CT190RUS,1925.0,4,Volkswagen,Golf,1994
P630CT54RUS,3700.0,1,,,2015
T882AK67RUS,3666.0,6,Volkswagen,Passat,1981
T323PE160RUS,2843.0,9,Ford,Fiesta,1993
B289TO63RUS,4209.0,10,Ford,Focus,1980
T773PX182RUS,3739.0,9,Toyota,Camry,2006
T624TM123RUS,3574.0,4,BMW,320,2001
E916PM79RUS,668.0,3,Skoda,Octavia,1998
M181MH38RUS,3630.0,1,Ford,Mondeo,1996
X229XH80RUS,3786.0,4,Volkswagen,Passat,2014
T303TX108RUS,2971.0,3,,,1996
T773PX182RUS,2717.8857466063,7,,,1984
H588AO145RUS,4312.0,5,Volkswagen,Golf,1999
K607MM170RUS,3121.0,7,BMW,320,2009
E629BT139RUS,1463.0,5,Ford,Mondeo,2000
K679TA86RUS,2296.0,2,Skoda,Octavia,2018
B380OH81RUS,2717.8857466063,4,,,2015
K607MM170RUS,1624.0,3,,,2019
T891EC33RUS,631.0,9,BMW,320,1993
P433AA197RUS,1596.0,2,Volkswagen,Golf,2010
H912TX128RUS,2717.8857466063,10,,,2012
E801CX107RUS,2717.8857466063,2,Ford,Fiesta,1998
O716HA116RUS,4880.0,6,Skoda,Octavia,2017
C672PH61RUS,4202.0,5,Volkswagen,Passat,1986
P102AC92RUS,3217.0,9,Volkswagen,Golf,1982
E673CM167RUS,1252.0,3,Ford,Focus,1999
P553XA20RUS,684.0,2,Volkswagen,Passat,2011
B630TT126RUS,2170.0,5,Toyota,Camry,2014
H588AO145RUS,2296.0,3,Ford,Fiesta,2008
H912TX128RUS,3842.0,6,Volkswagen,Passat,2008
A746EB53RUS,1969.0,6,Volkswagen,Passat,1992
B206HX178RUS,2027.0,4,Ford,Mondeo,1993
T767MO66RUS,4985.0,3,,,1996
B704XP18RUS,4709.0,2,Ford,Mondeo,2015
K191KX39RUS,2975.0,8,BMW,320,1995
A810MC52RUS,2982.0,7,Ford,Fiesta,1995
K925XM189RUS,2717.8857466063,6,Volkswagen,Golf,1996
H321EX110RUS,2865.0,9,BMW,320,2007
O716HA116RUS,1909.0,5,BMW,320,1992
X904OH139RUS,1241.0,5,Toyota,Camry,2013
B888MC47RUS,943.0,7,,,2019
K642BX101RUS,4178.0,2,Skoda,Octavia,1986
X765OO18RUS,2717.8857466063,7,Ford,Mondeo,1993
K635TO127RUS,2934.0,3,Skoda,Octavia,1982
A193CT190RUS,4973.0,4,Ford,Mondeo,1988
A741CH152RUS,4148.0,6,Toyota,Camry,2003
M354PC62RUS,1254.0,3,Volkswagen,Passat,2002
O742XM40RUS,1259.0,6,Ford,Fiesta,2013
H673KA98RUS,1755.0,8,Volkswagen,Passat,1989
H449XA106RUS,3058.0,8,BMW,320,1999
K614EC124RUS,3783.0,9,BMW,320,2012
T124MC74RUS,3103.0,10,Skoda,Octavia,1980
M341MX140RUS,3192.0,10,,,1984
K383AA51RUS,616.0,7,BMW,320,1992
E541XT52RUS,968.0,8,Volkswagen,Passat,1988
P553XA20RUS,2290.0,7,Ford,Mondeo,1994
X368KT116RUS,2585.0,4,Ford,Fiesta,2000
C984CA136RUS,4231.0,2,Volkswagen,Golf,1999
O704HM42RUS,3495.0,3,,,2000
O448KE71RUS,2717.8857466063,9,Volkswagen,Golf,2012
H449XA106RUS,2717.8857466063,3,Ford,Focus,1998
B888MC47RUS,4025.0,7,Ford,Fiesta,2000
B877CO116RUS,2717.8857466063,9,BMW,320,2018
P437PM154RUS,3612.0,10,,,2007
E284TA157RUS,3594.0,5,Volkswagen,Passat,2002
E286CT57RUS,1003.0,5,Skoda,Octavia,2012
X163XA123RUS,4259.0,10,Ford,Fiesta,1990
P116HM150RUS,2852.0,6,Volkswagen,Passat,1982
E882HT121RUS,3070.0,4,Volkswagen,Golf,2004
T352TX66RUS,2549.0,8,Ford,Focus,2013
K731EA165RUS,749.0,10,Volkswagen,Golf,2005
T129AT17RUS,4744.0,10,Volkswagen,Passat,1999
K303XH61RUS,1997.0,9,Volkswagen,Golf,2003
M365OP29RUS,796.0,6,Skoda,Octavia,2017
B704XP18RUS,4323.0,1,Ford,Focus,2016
T924KT177RUS,503.0,6,Ford,Fiesta,1992
K607MM170RUS,2894.0,4,Ford,Focus,1981
A741CH152RUS,3926.0,6,Ford,Mondeo,2013
K383AA51RUS,1549.0,10,Ford,Fiesta,1994
M354PC62RUS,2717.8857466063,10,Volkswagen,Passat,1991
A471PB165RUS,3079.0,6,Toyota,Camry,2006
T129AT17RUS,4159.0,5,Toyota,Camry,1990
P512XC192RUS,2582.0,9,Ford,Focus,1988
K750XK133RUS,3091.0,5,,,2008
C453BB195RUS,4109.0,6,Skoda,Octavia,1985
E882HT121RUS,4367.0,6,Volkswagen,Passat,1992
K322TP143RUS,1232.0,2,Volkswagen,Passat,2000
O170AB188RUS,4105.0,6,,,1997
B514EK46RUS,1003.0,7,Ford,Fiesta,1988
X581XT183RUS,2314.0,7,Ford,Fiesta,2008
H588AO145RUS,4408.0,2,Ford,Mondeo,1991
E801CX107RUS,2263.0,3,Volkswagen,Passat,1987
B877CO116RUS,2121.0,5,,,1982
T398XT143RUS,4204.0,2,Skoda,Octavia,1982
O827CE145RUS,3455.0,8,BMW,320,2004
M566AT86RUS,3518.0,9,Volkswagen,Golf,1988
T624TM123RUS,3426.0,6,Skoda,Octavia,2019
E720TH149RUS,3249.0,8,Ford,Mondeo,1989
A634ET109RUS,3049.0,5,Ford,Focus,1996
A746EB53RUS,1547.0,2,Ford,Mondeo,2000
H588AO145RUS,999.0,1,Volkswagen,Golf,2004
K424XT43RUS,3952.0,2,Ford,Fiesta,2001
A193CT190RUS,1292.0,8,Skoda,Octavia,2016
B422PP59RUS,1791.0,8,BMW,320,1990
T124MC74RUS,4543.0,10,Ford,Fiesta,1996
T398XT143RUS,3858.0,10,Toyota,Camry,1990
A288KX137RUS,1815.0,5,Toyota,Camry,1992
H241TA46RUS,1548.0,4,Ford,Focus,1989
P686CC47RUS,1968.0,9,Toyota,Camry,1995
O844TB123RUS,3270.0,9,BMW,320,2016
O977ET106RUS,1213.0,9,Ford,Mondeo,1990
M203TC13RUS,2180.0,3,,,1989
E893AK16RUS,2717.8857466063,8,Toyota,Camry,2009
E629BT139RUS,2717.8857466063,2,Volkswagen,Golf,1989
B514EK46RUS,2968.0,5,Volkswagen,Golf,2013
K397KP50RUS,1989.0,1,Volkswagen,Golf,2003
O610AT29RUS,4664.0,8,Ford,Focus,2017
T753BT157RUS,1221.0,6,Ford,Mondeo,2013
H673KA98RUS,1888.0,2,BMW,320,1981
M354PC62RUS,1770.0,2,,,1992
E788TT161RUS,2717.8857466063,2,Ford,Focus,2018
K635TO127RUS,1579.0,5,Volkswagen,Passat,2003
X609KM11RUS,4876.0,7,,,1984
B638MX94RUS,3531.0,7,Ford,Fiesta,1982
H483MT43RUS,3977.0,5,Volkswagen,Passat,2016
P686CC47RUS,4051.0,8,Toyota,Camry,2007
T624TM123RUS,2924.0,4,Ford,Fiesta,1999
T624TM123RUS,1835.0,4,BMW,320,1984
B638MX94RUS,4548.0,8,,,1990
O977ET106RUS,2581.0,6,Ford,Fiesta,2013
K465KK188RUS,4942.0,1,Volkswagen,Passat,2014
X168TH126RUS,4436.0,9,Ford,Focus,2016
M181MH38RUS,2637.0,7,Ford,Mondeo,1994
T124MC74RUS,2717.8857466063,2,Volkswagen,Passat,1994
C673CE193RUS,1487.0,7,Skoda,Octavia,2008
E801CX107RUS,2548.0,4,Ford,Focus,1998
H189MX164RUS,4353.0,8,Ford,Focus,1983
M341MX140RUS,3641.0,8,Toyota,Camry,1995
K635TO127RUS,1444.0,9,Ford,Mondeo,2012
H588AO145RUS,3371.0,6,Ford,Fiesta,1994
H508OA79RUS,2717.8857466063,7,Ford,Focus,2005
X609KM11RUS,4080.0,1,BMW,320,1993
H932HT159RUS,1219.0,8,Ford,Focus,1999
M282OK133RUS,1552.0,8,Ford,Fiesta,2004
P218BM110RUS,610.0,8,BMW,320,2012
H588AO145RUS,2717.8857466063,1,Skoda,Octavia,1986
P571HX74RUS,3217.0,6,Ford,Fiesta,2007
H105TH162RUS,2323.0,9,Ford,Mondeo,1997
P686CC47RUS,3835.0,9,BMW,320,1982
K750XK133RUS,730.0,7,Ford,Mondeo,2008
T767MO66RUS,4128.0,5,Volkswagen,Golf,2015
H753TX110RUS,1482.0,4,Ford,Fiesta,2012
M954MT115RUS,2293.0,1,Volkswagen,Golf,2005
A288KX137RUS,1367.0,4,Toyota,Camry,2007
M354PC62RUS,2193.0,4,BMW,320,2007
E101XK169RUS,2717.8857466063,4,Ford,Fiesta,2013
H105TH162RUS,4852.0,2,Skoda,Octavia,2008
K614EC124RUS,4381.0,9,Skoda,Octavia,2006
K731EA165RUS,2717.8857466063,10,Toyota,Camry,2007
M354PC62RUS,4921.0,1,BMW,320,2004
E284TA157RUS,2225.0,4,Ford,Mondeo,2019
O674MH70RUS,4553.0,4,Volkswagen,Golf,2000
X581XT183RUS,554.0,7,Ford,Mondeo,1992
O674MH70RUS,732.0,2,BMW,320,2017
H588AO145RUS,1460.0,10,Toyota,Camry,2003
T624TM123RUS,3940.0,8,Volkswagen,Passat,1986
O248PC129RUS,3881.0,9,Ford,Mondeo,1993
B638MX94RUS,2717.8857466063,2,Ford,Fiesta,2007
C398TC26RUS,2717.8857466063,8,Ford,Fiesta,1993
T400KO71RUS,1442.0,8,Skoda,Octavia,1986
C984CA136RUS,4761.0,2,BMW,320,1983
T129AT17RUS,3745.0,1,,,1989
H811TO199RUS,2717.8857466063,3,Volkswagen,Passat,1987
H778MC36RUS,2375.0,4,Toyota,Camry,1988
K614EC124RUS,2768.0,8,Volkswagen,Passat,1992
O400BE42RUS,1998.0,8,BMW,320,2000
X609KM11RUS,4646.0,8,Skoda,Octavia,1984
A741CH152RUS,2502.0,1,Ford,Focus,1982
B380OH81RUS,1884.0,10,Volkswagen,Golf,1996
X229XH80RUS,3571.0,6,Ford,Focus,2011
C852OK191RUS,3342.0,6,Ford,Focus,1987
O759BX116RUS,3691.0,8,BMW,320,1999
E882HT121RUS,4146.0,1,Volkswagen,Passat,1989
H912TX128RUS,3514.0,5,BMW,320,1990
O170AB188RUS,2717.8857466063,4,Skoda,Octavia,2002
E801CX107RUS,4873.0,2,,,2010
H753TX110RUS,561.0,1,BMW,320,2013
B854KH32RUS,3532.0,6,Ford,Fiesta,1993
C852OK191RUS,2100.0,6,Volkswagen,Golf,1999
O248PC129RUS,2819.0,2,Volkswagen,Golf,2001
T882AK67RUS,4085.0,2,Ford,Focus,1996
C513CO59RUS,2996.0,3,Ford,Fiesta,1993
O438KH34RUS,2087.0,10,Skoda,Octavia,1986
H105TH162RUS,3923.0,10,Skoda,Octavia,2013
P443HK149RUS,1244.0,1,Skoda,Octavia,2010
A193CT190RUS,2717.8857466063,2,Volkswagen,Golf,2006
P116HM150RUS,4115.0,9,Ford,Fiesta,1991
P553XA20RUS,1365.0,7,Skoda,Octavia,2008
T492PC75RUS,2014.0,7,Ford,Mondeo,1994
P686CC47RUS,2784.0,5,Skoda,Octavia,2009
B888MC47RUS,2717.8857466063,9,Volkswagen,Golf,2000
O170AB188RUS,4167.0,5,Skoda,Octavia,2005
T492PC75RUS,2717.8857466063,2,Volkswagen,Golf,2002
M128TT116RUS,4076.0,1,Ford,Fiesta,2011
C852PK84RUS,3579.0,7,Ford,Fiesta,1999
A227PM105RUS,4386.0,1,Skoda,Octavia,1995
O716HA116RUS,2238.0,9,Toyota,Camry,1993
M354PC62RUS,4911.0,7,Ford,Focus,1987
H753TX110RUS,3193.0,3,Volkswagen,Passat,2017
A227PM105RUS,2717.8857466063,6,Volkswagen,Golf,1980
K642BX101RUS,4223.0,5,Volkswagen,Golf,1998
K624TT94RUS,3137.0,9,Ford,Fiesta,1985
C707PO39RUS,1121.0,6,BMW,320,1995
H177XH152RUS,3356.0,6,Volkswagen,Passat,2011
O400BE42RUS,2717.8857466063,3,Ford,Mondeo,1985
C852OK191RUS,4670.0,8,Skoda,Octavia,1986
H711TA153RUS,2717.8857466063,3,BMW,320,2010
H932OT27RUS,1819.0,5,Ford,Fiesta,2006
P418OA184RUS,1153.0,2,Toyota,Camry,2000
B854KH32RUS,1743.0,10,Ford,Fiesta,1988
X144AC160RUS,1117.0,7,,,2019
O716HA116RUS,4064.0,4,Ford,Focus,1994
E639ME26RUS,2692.0,6,Ford,Focus,1999
X144AC160RUS,4804.0,1,Ford,Fiesta,1989
X581XT183RUS,1468.0,7,Toyota,Camry,2015
A692TT172RUS,1111.0,8,Ford,Mondeo,2012
K635TO127RUS,4107.0,7,Ford,Mondeo,2007
B849TP184RUS,2509.0,7,Ford,Mondeo,1983
T345OA132RUS,2717.8857466063,5,Volkswagen,Passat,1999
B888MC47RUS,3918.0,9,BMW,320,2018
H932HT159RUS,2717.8857466063,8,Ford,Mondeo,2005
P686CC47RUS,2717.8857466063,6,Skoda,Octavia,1987
K679TA86RUS,4204.0,9,Volkswagen,Passat,2009
T773PX182RUS,4955.0,4,Volkswagen,Passat,1989
T753BT157RUS,1645.0,7,Toyota,Camry,1989
K191KX39RUS,3038.0,6,Volkswagen,Passat,1981
H321EX110RUS,1558.0,3,Volkswagen,Golf,2005
T453MC158RUS,2114.0,9,Volkswagen,Golf,2013
T453MC158RUS,2717.8857466063,5,Ford,Mondeo,1980
K607MM170RUS,1369.0,7,Volkswagen,Passat,1992
C673CE193RUS,1176.0,9,Ford,Fiesta,1995
T125PX109RUS,2302.0,7,,,2007
K635TO127RUS,4429.0,2,Volkswagen,Passat,1991
K383AA51RUS,2717.8857466063,2,Ford,Fiesta,2016
B564XT129RUS,1814.0,3,,,2016
C398TC26RUS,3086.0,8,,,1990
E893AK16RUS,1583.0,1,Volkswagen,Passat,2015
H508OA79RUS,2055.0,1,Skoda,Octavia,2011
K488CT87RUS,2717.8857466063,9,Ford,Fiesta,1983
H811TO199RUS,809.0,10,Toyota,Camry,2008
O827CE145RUS,2236.0,2,Ford,Focus,1992
P141PC193RUS,3281.0,2,Volkswagen,Passat,1992
T734MH38RUS,3363.0,6,Ford,Mondeo,2004
K383AA51RUS,2878.0,5,,,2010
E527KP183RUS,3266.0,4,Volkswagen,Golf,1988
P260XT107RUS,2717.8857466063,1,Ford,Mondeo,1982
T400KO71RUS,1831.0,2,BMW,320,2000
X229XH80RUS,2717.8857466063,3,Ford,Mondeo,2013
O170AB188RUS,2365.0,5,Volkswagen,Passat,1994
M181MH38RUS,3112.0,9,Volkswagen,Passat,2003
E893AK16RUS,1063.0,10,Volkswagen,Passat,1996
E639ME26RUS,2749.0,10,Skoda,Octavia,2016
X450MM75RUS,3074.0,5,,,1999
X549CC189RUS,2717.8857466063,2,Volkswagen,Golf,2007
K488CT87RUS,2717.8857466063,7,Ford,Focus,2013
E911XK42RUS,808.0,10,Ford,Mondeo,1991
A902HT130RUS,2251.0,9,Ford,Mondeo,2017
T650OB37RUS,4851.0,7,Volkswagen,Golf,2004
T323PE160RUS,3452.0,7,BMW,320,2018
X948KE18RUS,3326.0,7,Volkswagen,Golf,1990
T124MC74RUS,651.0,3,Skoda,Octavia,2008
P703BA166RUS,2717.8857466063,4,Volkswagen,Golf,2019
T734MH38RUS,4914.0,2,Volkswagen,Passat,1995
M954MT115RUS,2212.0,10,,,1980
P260XT107RUS,2403.0,3,Volkswagen,Golf,2003
H932HT159RUS,1003.0,5,Ford,Mondeo,2015
E284TA157RUS,986.0,5,Skoda,Octavia,1987
T352TX66RUS,3518.0,7,Volkswagen,Passat,1992
A741CH152RUS,2853.0,6,Ford,Mondeo,2016
B877CO116RUS,4455.0,9,Skoda,Octavia,2007
O438KH34RUS,1918.0,7,Ford,Focus,1997
H321EX110RUS,1663.0,6,Toyota,Camry,2009
H912TX128RUS,3390.0,8,Volkswagen,Golf,2000
A706AX62RUS,1589.0,10,Skoda,Octavia,2017
H588AO145RUS,3754.0,8,,,2004
X270BH58RUS,4881.0,6,Ford,Fiesta,2002
M128TT116RUS,1500.0,1,Volkswagen,Golf,1987
T303TX108RUS,2613.0,6,BMW,320,1999
E527KP183RUS,2717.8857466063,3,Ford,Mondeo,2012
H932HT159RUS,4981.0,2,Ford,Fiesta,1982
X144AC160RUS,899.0,6,BMW,320,2007
C232TX172RUS,4531.0,4,Volkswagen,Passat,1981
E720TH149RUS,2860.0,5,Ford,Focus,2002
K191KX39RUS,4223.0,9,Ford,Focus,1998
P686CC47RUS,3168.0,10,Ford,Focus,1987
E349TE61RUS,2717.8857466063,4,Ford,Focus,1988
O170AB188RUS,4255.0,6,,,2017
K858KC94RUS,1164.0,6,Ford,Mondeo,2018
X144AC160RUS,2148.0,6,Ford,Focus,2013
T323PE160RUS,988.0,2,Toyota,Camry,1987
K191KX39RUS,679.0,8,Ford,Fiesta,1994
T453MC158RUS,2558.0,9,,,1993
H483MT43RUS,1187.0,2,Volkswagen,Golf,1980
K850EX137RUS,630.0,7,Skoda,Octavia,1993
O400BE42RUS,2717.8857466063,8,Volkswagen,Passat,2019
O501CX76RUS,4918.0,3,Toyota,Camry,1989
B422PP59RUS,3116.0,4,BMW,320,1996
B736EA105RUS,1902.0,8,Ford,Mondeo,1993
O541PC42RUS,764.0,1,Ford,Mondeo,2001
K397KP50RUS,3226.0,8,Skoda,Octavia,2015
T453MC158RUS,4646.0,5,Ford,Mondeo,2010
C707PO39RUS,2717.8857466063,3,Volkswagen,Passat,1991
O704HM42RUS,2717.8857466063,2,Ford,Focus,1997
P141PC193RUS,2345.0,8,BMW,320,1980
B849TP184RUS,3781.0,5,Ford,Mondeo,2014
H912TX128RUS,2367.0,1,,,2009
O740BA44RUS,2330.0,6,Toyota,Camry,1986
X581XT183RUS,1462.0,2,Volkswagen,Passat,2002
T125PX109RUS,2717.8857466063,2,Volkswagen,Passat,1993
K322TP143RUS,3334.0,8,,,1980
T125PX109RUS,4321.0,4,Volkswagen,Passat,1980
P686CC47RUS,3496.0,4,Ford,Fiesta,1994
K607MM170RUS,4535.0,3,Ford,Mondeo,2017
P260XT107RUS,866.0,4,Volkswagen,Golf,2018
K465KK188RUS,3238.0,8,Ford,Focus,2002
E603MX87RUS,1284.0,6,Volkswagen,Passat,1987
B332KC35RUS,1795.0,5,Ford,Focus,1989
K512TM84RUS,2717.8857466063,5,Skoda,Octavia,2011
K750XK133RUS,1485.0,2,,,1984
O740BA44RUS,3400.0,10,Ford,Fiesta,2014
K322TP143RUS,1129.0,10,BMW,320,2010
T400KO71RUS,4855.0,3,Volkswagen,Passat,2006
E714KP21RUS,4305.0,10,Ford,Mondeo,1998
K512TM84RUS,1599.0,4,Ford,Mondeo,2009
X368KT116RUS,1774.0,7,,,1990
A394HB54RUS,4735.0,8,BMW,320,2000
M354PC62RUS,1753.0,7,Skoda,Octavia,1999
X450MM75RUS,905.0,4,Skoda,Octavia,1995
X832CO153RUS,3519.0,6,Toyota,Camry,1981
X765OO18RUS,4460.0,1,Volkswagen,Passat,2013
X144AC160RUS,4373.0,2,,,2003
C513CO59RUS,3504.0,10,Volkswagen,Passat,1994
T124MC74RUS,2847.0,10,BMW,320,1992
C537ET138RUS,3385.0,7,,,1998
P102AC92RUS,2717.8857466063,7,Toyota,Camry,2001
X229XH80RUS,2560.0,6,Volkswagen,Passat,2014
K850EX137RUS,4736.0,6,Volkswagen,Golf,1994
T947XA171RUS,3894.0,7,Volkswagen,Passat,2017
B704XP18RUS,2903.0,3,Ford,Focus,2016
H241TA46RUS,2887.0,7,Ford,Fiesta,1982
P116HM150RUS,2674.0,3,Skoda,Octavia,1992
T773PX182RUS,2717.8857466063,9,BMW,320,2019
P512XC192RUS,628.0,9,Ford,Focus,2011
E629BT139RUS,1822.0,10,Volkswagen,Golf,2008
A738MX48RUS,4298.0,5,Volkswagen,Passat,1995
T305TM28RUS,2717.8857466063,7,Ford,Focus,1982
T924KT177RUS,3487.0,9,Skoda,Octavia,2013
P597TT172RUS,1983.0,8,Volkswagen,Passat,2004
T436XK85RUS,3934.0,8,Volkswagen,Golf,2014
B332KC35RUS,2717.8857466063,9,Volkswagen,Passat,1994
B638MX94RUS,1497.0,7,Ford,Focus,2008
P102AC92RUS,3669.0,9,Ford,Focus,2014
X450MM75RUS,4280.0,1,,,1984
E911XK42RUS,4140.0,10,Volkswagen,Golf,2014
O610AT29RUS,4856.0,10,BMW,320,2005
H105TH162RUS,2430.0,10,Volkswagen,Golf,1985
B630TT126RUS,2572.0,4,Skoda,Octavia,1993
M282OK133RUS,3347.0,5,BMW,320,1998
K191KX39RUS,4172.0,9,BMW,320,2010
X549CC189RUS,2717.8857466063,6,Skoda,Octavia,1995
H932HT159RUS,3846.0,1,BMW,320,2005
B565MM178RUS,3251.0,6,Skoda,Octavia,1999
H912TX128RUS,648.0,4,Ford,Mondeo,1993
M354PC62RUS,4985.0,9,Skoda,Octavia,1988
K488CT87RUS,3056.0,1,Ford,Mondeo,1993
P218BM110RUS,2857.0,5,Ford,Focus,1987
E720TH149RUS,1193.0,9,Ford,Fiesta,2018
H673KA98RUS,4452.0,4,Ford,Focus,1997
T352TX66RUS,1509.0,4,,,2002
E629BT139RUS,3498.0,9,BMW,320,1990
C790PB112RUS,3044.0,9,Toyota,Camry,1982
H241TA46RUS,4953.0,10,BMW,320,1985
H241TA46RUS,2717.8857466063,2,Ford,Mondeo,1985
B565MM178RUS,3502.0,4,Toyota,Camry,1983
A741CH152RUS,2219.0,8,Ford,Fiesta,1988
H932OT27RUS,3546.0,6,Ford,Fiesta,1996
O704HM42RUS,1030.0,9,Skoda,Octavia,1981
O742XM40RUS,1539.0,9,,,1983
A902HT130RUS,4479.0,1,Ford,Fiesta,2004
E231ME60RUS,4565.0,10,Skoda,Octavia,1984
T116EM58RUS,1377.0,7,Ford,Fiesta,1982
P553XA20RUS,2281.0,9,Toyota,Camry,1991
E532TH131RUS,4807.0,4,Volkswagen,Golf,1999
K624TT94RUS,1007.0,1,BMW,320,2018
A227PM105RUS,4058.0,9,Volkswagen,Passat,1991
C851KP59RUS,4360.0,8,,,2017
P807TT161RUS,1595.0,6,Ford,Focus,2002
P218BM110RUS,1990.0,8,Volkswagen,Passat,2015
A483PP155RUS,4543.0,9,Toyota,Camry,2018
A227PM105RUS,1884.0,7,Toyota,Camry,2015
K635TO127RUS,2371.0,7,Volkswagen,Passat,2011
A394HB54RUS,2525.0,5,BMW,320,1990
O400BE42RUS,4517.0,1,Ford,Mondeo,2017
A634ET109RUS,2489.0,3,Skoda,Octavia,2001
M128TT116RUS,2129.0,3,Ford,Focus,2008
O704HM42RUS,2456.0,2,Volkswagen,Passat,2013
K624TT94RUS,2717.8857466063,2,Ford,Fiesta,1994
P437PM154RUS,2320.0,2,Volkswagen,Passat,1997
T124MC74RUS,2717.8857466063,7,BMW,320,2012
P807TT161RUS,2511.0,3,Skoda,Octavia,1981
E882HT121RUS,2073.0,7,Ford,Fiesta,1992
C537ET138RUS,1086.0,1,Volkswagen,Passat,2007
A810MC52RUS,1512.0,2,Toyota,Camry,2005
P443HK149RUS,3035.0,8,,,1997
O248PC129RUS,3617.0,1,Skoda,Octavia,1985
H223BX110RUS,1976.0,1,Skoda,Octavia,1998
P141PC193RUS,3418.0,3,,,1987
O501CX76RUS,691.0,3,Ford,Focus,1996
X163XA123RUS,1196.0,10,Skoda,Octavia,2013
A471PB165RUS,1621.0,3,,,1994
A810MC52RUS,2215.0,8,Volkswagen,Passat,1981
O632XE167RUS,3406.0,8,Ford,Focus,1984
T124MC74RUS,723.0,7,Skoda,Octavia,1992
M203TC13RUS,4265.0,3,Volkswagen,Passat,1982
E349TE61RUS,2717.8857466063,7,Ford,Mondeo,2013
K465KK188RUS,2717.8857466063,5,Volkswagen,Passat,2001
T492PC75RUS,2129.0,10,Volkswagen,Golf,1981
P703BA166RUS,3969.0,2,,,1987
H673KA98RUS,1168.0,9,Skoda,Octavia,2011
H223BX110RUS,1069.0,9,Volkswagen,Passat,1984
M354PC62RUS,3403.0,9,Ford,Fiesta,2000
K383AA51RUS,959.0,7,Ford,Fiesta,1996
T398XT143RUS,3373.0,10,Volkswagen,Passat,2002
B332KC35RUS,1869.0,3,Skoda,Octavia,1996
P597TT172RUS,2305.0,10,Volkswagen,Golf,2012
T323PE160RUS,4467.0,1,Ford,Focus,1984
O740BA44RUS,2717.8857466063,1,BMW,320,2006
B332KC35RUS,1114.0,10,BMW,320,2011
M354PC62RUS,3576.0,5,Volkswagen,Passat,1987
A471PB165RUS,2054.0,9,Volkswagen,Golf,1997
P443HK149RUS,1013.0,2,BMW,320,2002
P433AA197RUS,1791.0,10,Ford,Mondeo,1994
K679TA86RUS,3777.0,10,Ford,Fiesta,1990
B103PA133RUS,1935.0,5,Volkswagen,Passat,2005
A471PB165RUS,2829.0,4,,,2005
O248PC129RUS,2717.8857466063,5,Ford,Focus,1997
M365OP29RUS,711.0,7,Volkswagen,Golf,2019
C851KP59RUS,2379.0,7,BMW,320,2000
H912TX128RUS,2851.0,4,Skoda,Octavia,1983
C851KP59RUS,2723.0,4,Ford,Focus,2010
P630CT54RUS,1929.0,1,Ford,Mondeo,1994
K635TO127RUS,4504.0,10,Volkswagen,Passat,2000
O541PC42RUS,773.0,10,Volkswagen,Passat,2008
K424XT43RUS,3560.0,5,Skoda,Octavia,1994
X368KT116RUS,3684.0,5,BMW,320,2009
X144AC160RUS,4783.0,6,BMW,320,1994
E101XK169RUS,4183.0,8,Skoda,Octavia,2005
E532TH131RUS,4578.0,5,Skoda,Octavia,2010
O170AB188RUS,4322.0,3,Volkswagen,Golf,2003
H588AO145RUS,2906.0,9,Ford,Focus,2001
K614EC124RUS,2499.0,9,Ford,Focus,2003
X832CO153RUS,1900.0,7,Volkswagen,Passat,2016
K383AA51RUS,3167.0,8,Ford,Mondeo,1990
H241TA46RUS,3226.0,4,Ford,Mondeo,2017
H483MT43RUS,812.0,4,Toyota,Camry,1987
E541XT52RUS,3907.0,7,Ford,Focus,1990
B289TO63RUS,563.0,9,Ford,Fiesta,1994
M954MT115RUS,1533.0,8,Ford,Fiesta,1981
B564XT129RUS,1583.0,10,BMW,320,2013
P116HM150RUS,1840.0,6,Ford,Fiesta,2008
E284TA157RUS,1914.0,9,,,1993
T124MC74RUS,4371.0,1,Volkswagen,Golf,1983
H189MX164RUS,3819.0,8,BMW,320,2003
H449XA106RUS,875.0,7,Volkswagen,Golf,2019
P433AA197RUS,2717.8857466063,8,Skoda,Octavia,2000
C707PO39RUS,2558.0,8,Ford,Focus,2002
C851KP59RUS,3919.0,8,BMW,320,2015
M282OK133RUS,3900.0,1,BMW,320,2009
K191KX39RUS,2717.8857466063,6,Volkswagen,Passat,2008
B380OH81RUS,4878.0,6,Ford,Fiesta,1986
X270BH58RUS,2717.8857466063,8,Ford,Mondeo,1992
O400BE42RUS,2717.8857466063,4,Toyota,Camry,2012
K322TP143RUS,667.0,8,Volkswagen,Passat,2013
E673CM167RUS,3118.0,3,BMW,320,1986
B289TO63RUS,1252.0,2,Skoda,Octavia,2007
O438KH34RUS,3212.0,6,Ford,Fiesta,1990
M341MX140RUS,3641.0,8,Toyota,Camry,2018
O448KE71RUS,1967.0,10,,,1989
E720TH149RUS,2860.0,5,Ford,Focus,1994
X270BH58RUS,1017.0,3,BMW,320,1989
O740BA44RUS,2330.0,6,Toyota,Camry,1980
P553XA20RUS,684.0,2,Volkswagen,Passat,2011
O759BX116RUS,1359.0,10,,,2010
E532TH131RUS,2717.8857466063,6,Volkswagen,Golf,2003
O742XM40RUS,883.0,6,Skoda,Octavia,1983
X229XH80RUS,2717.8857466063,3,Ford,Mondeo,1995
C851KP59RUS,1211.0,5,Ford,Mondeo,1980
T947XA171RUS,1781.0,4,Ford,Mondeo,1996
H105TH162RUS,3923.0,10,Skoda,Octavia,2014
E532TH131RUS,4807.0,4,Volkswagen,Golf,1999
H449XA106RUS,1594.0,8,Volkswagen,Passat,1987
K379TB187RUS,826.0,4,Volkswagen,Golf,1990
M181MH38RUS,2717.8857466063,1,,,1987
T436XK85RUS,3934.0,8,Volkswagen,Golf,1996
H932HT159RUS,1900.0,10,Toyota,Camry,1991
X144AC160RUS,3525.0,1,,,1987
A741CH152RUS,2502.0,1,Ford,Focus,1983
H223BX110RUS,1976.0,1,Skoda,Octavia,1983
E284TA157RUS,2225.0,4,Ford,Mondeo,1985
T124MC74RUS,4371.0,1,Volkswagen,Golf,1998
H912TX128RUS,2851.0,4,Skoda,Octavia,1986
T323PE160RUS,3612.0,2,Toyota,Camry,2016
O742XM40RUS,1990.0,4,Ford,Mondeo,2006
P437PM154RUS,3612.0,10,,,1985
P102AC92RUS,2717.8857466063,7,Toyota,Camry,2000
O448KE71RUS,2717.8857466063,7,Ford,Fiesta,2006
T947XA171RUS,712.0,4,Volkswagen,Golf,1995
O704HM42RUS,2717.8857466063,2,Ford,Focus,1986
E527KP183RUS,1307.0,8,Toyota,Camry,1991
O844TB123RUS,3270.0,9,BMW,320,1997
K679TA86RUS,2296.0,2,Skoda,Octavia,2008
E673CM167RUS,1252.0,3,Ford,Focus,2007
M566AT86RUS,2071.0,5,Volkswagen,Golf,2017
K850EX137RUS,2006.0,7,Ford,Focus,1998
E286CT57RUS,1003.0,5,Skoda,Octavia,1991
K642BX101RUS,2717.8857466063,1,Ford,Focus,1989
E893AK16RUS,1063.0,10,Volkswagen,Passat,1981
O400BE42RUS,1998.0,8,BMW,320,1998
E629BT139RUS,2717.8857466063,2,Volkswagen,Golf,2012
B206HX178RUS,1019.0,1,,,2014
A193CT190RUS,1071.0,2,BMW,320,2000
K397KP50RUS,4951.0,3,,,2007
H189MX164RUS,3819.0,8,BMW,320,2012
O170AB188RUS,4167.0,5,Skoda,Octavia,1998
O844TB123RUS,4381.0,9,Ford,Focus,2001
H673KA98RUS,2779.0,10,,,2006
T773PX182RUS,3739.0,9,Toyota,Camry,1996
K614EC124RUS,4318.0,7,,,1991
T253PM11RUS,1053.0,2,Ford,Focus,2004
X144AC160RUS,4459.0,6,BMW,320,2016
C232TX172RUS,2303.0,10,Volkswagen,Golf,1984
C707PO39RUS,4086.0,4,Volkswagen,Passat,2006
C852PK84RUS,3579.0,7,Ford,Fiesta,1986
X832CO153RUS,3519.0,6,Toyota,Camry,2009
C851KP59RUS,4360.0,8,,,2000
P703BA166RUS,2717.8857466063,4,Volkswagen,Golf,1988
K322TP143RUS,1232.0,2,Volkswagen,Passat,2002
O632XE167RUS,4511.0,8,Ford,Mondeo,1994
T453MC158RUS,4646.0,5,Ford,Mondeo,2000
K925XM189RUS,2717.8857466063,6,Volkswagen,Golf,1982
C851KP59RUS,2723.0,4,Ford,Focus,1989
K383AA51RUS,616.0,7,BMW,320,2017
B854KH32RUS,2628.0,2,Volkswagen,Passat,1985
M354PC62RUS,1254.0,3,Volkswagen,Passat,1989
H673KA98RUS,4452.0,4,Ford,Focus,2013
X168TH126RUS,502.0,9,Toyota,Camry,2009
T352TX66RUS,1509.0,4,,,1996
K303XH61RUS,1239.0,10,Ford,Mondeo,2001
O742XM40RUS,1539.0,9,,,2018
B332KC35RUS,2717.8857466063,9,Volkswagen,Passat,2019
C852OK191RUS,4670.0,8,Skoda,Octavia,2012
A483PP155RUS,4543.0,9,Toyota,Camry,1993
K731EA165RUS,2717.8857466063,10,Toyota,Camry,2001
T624TM123RUS,3940.0,8,Volkswagen,Passat,2013
M354PC62RUS,1753.0,7,Skoda,Octavia,2013
H223BX110RUS,1069.0,9,Volkswagen,Passat,1998
T773PX182RUS,4955.0,4,Volkswagen,Passat,2016
O610AT29RUS,4856.0,10,BMW,320,1993
P686CC47RUS,2784.0,5,Skoda,Octavia,1987
O448KE71RUS,4226.0,7,Ford,Focus,1983
K303XH61RUS,3565.0,6,Skoda,Octavia,2001
O429HT171RUS,506.0,1,Toyota,Camry,2017
T492PC75RUS,2014.0,7,Ford,Mondeo,1982
O759BX116RUS,3691.0,8,BMW,320,2000
X144AC160RUS,4373.0,2,,,2015
K191KX39RUS,679.0,8,Ford,Fiesta,1988
T305TM28RUS,2805.0,7,Toyota,Camry,2005
E527KP183RUS,2886.0,8,Volkswagen,Golf,2017
O429HT171RUS,1875.0,1,Ford,Focus,2014
K731EA165RUS,4433.0,1,Ford,Fiesta,2011
H711TA153RUS,2306.0,2,Skoda,Octavia,1992
O742XM40RUS,1259.0,6,Ford,Fiesta,2009
O716HA116RUS,1909.0,5,BMW,320,1995
B564XT129RUS,2611.0,4,,,2001
A692TT172RUS,1111.0,8,Ford,Mondeo,1980
H241TA46RUS,2887.0,7,Ford,Fiesta,1985
M341MX140RUS,3192.0,10,,,2017
P116HM150RUS,768.0,8,Volkswagen,Golf,2017
K624TT94RUS,2226.0,10,BMW,320,1984
K322TP143RUS,667.0,8,Volkswagen,Passat,2011
T624TM123RUS,2852.0,7,Volkswagen,Passat,2007
C672PH61RUS,4202.0,5,Volkswagen,Passat,2015
H932HT159RUS,4981.0,2,Ford,Fiesta,1986
X609KM11RUS,2769.0,10,BMW,320,1996
X368KT116RUS,1774.0,7,,,1991
H508OA79RUS,1687.0,6,BMW,320,2010
E629BT139RUS,1463.0,5,Ford,Mondeo,1990
K635TO127RUS,1444.0,9,Ford,Mondeo,1981
P102AC92RUS,3217.0,9,Volkswagen,Golf,2019
E349TE61RUS,2717.8857466063,7,Ford,Mondeo,2008
H778MC36RUS,1019.0,10,Ford,Fiesta,1995
H483MT43RUS,1187.0,2,Volkswagen,Golf,1994
H241TA46RUS,1548.0,4,Ford,Focus,2007
X581XT183RUS,2314.0,7,Ford,Fiesta,2000
T303TX108RUS,4150.0,9,Skoda,Octavia,1987
T125PX109RUS,4321.0,4,Volkswagen,Passat,1985
K607MM170RUS,2717.8857466063,1,Toyota,Camry,2006
T129AT17RUS,3927.0,4,BMW,320,1997
K635TO127RUS,2934.0,3,Skoda,Octavia,2004
O448KE71RUS,2804.0,5,Volkswagen,Golf,1985
K624TT94RUS,3867.0,3,Ford,Fiesta,2007
B103PA133RUS,1721.0,5,Ford,Mondeo,1998
H711TA153RUS,2998.0,9,Ford,Fiesta,2014
O501CX76RUS,4918.0,3,Toyota,Camry,1993
K679TA86RUS,2383.0,7,Skoda,Octavia,2005
X581XT183RUS,3035.0,9,Ford,Fiesta,2010
M282OK133RUS,1552.0,8,Ford,Fiesta,1985
C851KP59RUS,3712.0,8,BMW,320,2008
T882AK67RUS,4085.0,2,Ford,Focus,1986
X270BH58RUS,1414.0,7,Toyota,Camry,2019
M181MH38RUS,2539.0,5,Skoda,Octavia,2008
T129AT17RUS,4744.0,10,Volkswagen,Passat,1981
P141PC193RUS,1336.0,9,,,2010
C852OK191RUS,1449.0,5,,,1989
B494HM172RUS,4992.0,1,Ford,Focus,2016
K303XH61RUS,871.0,2,,,1983
B704XP18RUS,3336.0,8,Toyota,Camry,1982
K642BX101RUS,2729.0,9,Ford,Focus,1980
K635TO127RUS,2717.8857466063,7,Ford,Fiesta,2011
E893AK16RUS,1759.0,7,Ford,Focus,2015
C852OK191RUS,2100.0,6,Volkswagen,Golf,1988
O170AB188RUS,4255.0,6,,,2013
A288KX137RUS,1815.0,5,Toyota,Camry,1987
K614EC124RUS,3783.0,9,BMW,320,2019
B565MM178RUS,3502.0,4,Toyota,Camry,2003
P218BM110RUS,2857.0,5,Ford,Focus,1993
T624TM123RUS,2924.0,4,Ford,Fiesta,1992
P630CT54RUS,4380.0,5,Ford,Fiesta,2019
C513CO59RUS,2996.0,3,Ford,Fiesta,2018
K607MM170RUS,1893.0,2,Skoda,Octavia,1995
E673CM167RUS,3118.0,3,BMW,320,1999
E673CM167RUS,4149.0,2,Ford,Fiesta,1987
C852OK191RUS,3342.0,6,Ford,Focus,1999
M341MX140RUS,3267.0,5,BMW,320,2001
T398XT143RUS,2223.0,10,Skoda,Octavia,2017
O704HM42RUS,3495.0,3,,,2001
M354PC62RUS,4985.0,9,Skoda,Octavia,1987
M181MH38RUS,3112.0,9,Volkswagen,Passat,2011
P686CC47RUS,3835.0,9,BMW,320,1991
P630CT54RUS,3700.0,1,,,1986
T124MC74RUS,2847.0,10,BMW,320,2003
T129AT17RUS,3745.0,1,,,1998
E916PM79RUS,1603.0,7,Ford,Mondeo,1996
K858KC94RUS,3174.0,3,Skoda,Octavia,2007
T882AK67RUS,2297.0,4,Ford,Mondeo,2011
P807TT161RUS,3267.0,10,,,1982
T129AT17RUS,3542.0,9,BMW,320,1987
K488CT87RUS,4555.0,1,Ford,Mondeo,2001
C707PO39RUS,2065.0,4,Ford,Focus,2005
H673KA98RUS,1168.0,9,Skoda,Octavia,2011
E284TA157RUS,986.0,5,Skoda,Octavia,1992
T624TM123RUS,3386.0,8,BMW,320,2017
T734MH38RUS,838.0,9,Volkswagen,Golf,1985
T398XT143RUS,3858.0,10,Toyota,Camry,1982
T303TX108RUS,2690.0,9,Volkswagen,Passat,2011
E284TA157RUS,3594.0,5,Volkswagen,Passat,1980
T767MO66RUS,4354.0,6,Volkswagen,Golf,1992
O248PC129RUS,3064.0,10,Skoda,Octavia,2018
T891EC33RUS,3541.0,4,Toyota,Camry,1984
T947XA171RUS,2255.0,3,,,1997
O716HA116RUS,4880.0,6,Skoda,Octavia,2006
H912TX128RUS,4050.0,3,Volkswagen,Passat,2007
C673CE193RUS,4285.0,7,Volkswagen,Passat,2013
P703BA166RUS,1691.0,9,Skoda,Octavia,1984
T734MH38RUS,4914.0,2,Volkswagen,Passat,2016
T352TX66RUS,3518.0,7,Volkswagen,Passat,2007
H588AO145RUS,3754.0,8,,,1981
C453BB195RUS,3332.0,9,Ford,Focus,1996
K850EX137RUS,3793.0,7,BMW,320,1985
X144AC160RUS,1117.0,7,,,2000
X229XH80RUS,3571.0,6,Ford,Focus,1980
O448KE71RUS,612.0,9,Ford,Fiesta,2015
O438KH34RUS,2717.8857466063,8,Ford,Fiesta,2000
B888MC47RUS,3821.0,6,Toyota,Camry,2014
A634ET109RUS,2717.8857466063,6,Ford,Fiesta,2007
T453MC158RUS,1166.0,3,Ford,Fiesta,1989
