ID,CarNumber,Make_n_Model,Fines,Refund,Bio
1,E714KP21RUS,BMW 320,3194.0,1.0,
2,E911XK42RUS,Volkswagen Passat,1438.0,10.0,
3,E893AK16RUS,Skoda Octavia,,6.0,
4,P807TT161RUS,,1552.0,5.0,
5,K303XH61RUS,Skoda Octavia,3700.0,7.0,
6,E101XK169RUS,,4326.0,7.0,
7,E916PM79RUS,Ford Mondeo,1603.0,7.0,
8,H778MC36RUS,Ford Mondeo,2418.0,6.0,
9,B206HX178RUS,Skoda Octavia,838.0,,
10,P141PC193RUS,BMW 320,2112.0,2.0,
11,X584EK151RUS,Ford Fiesta,2113.0,1.0,
12,A394HB54RUS,BMW 320,3562.0,5.0,
13,T303TX108RUS,Ford Fiesta,3644.0,3.0,
14,K322TP143RUS,Volkswagen Passat,667.0,8.0,
15,M365OP29RUS,Volkswagen Golf,4265.0,7.0,
16,X581XT183RUS,Skoda Octavia,2434.0,9.0,
17,X229XH80RUS,Toyota Camry,3090.0,8.0,
18,K850EX137RUS,Ford Focus,2006.0,7.0,
19,O827CE145RUS,Volkswagen Passat,3084.0,6.0,
20,A692TT172RUS,Ford Mondeo,2168.0,4.0,
21,C672PH61RUS,Ford Focus,658.0,6.0,
22,E911XK42RUS,Skoda Octavia,1300.0,1.0,
23,T436XK85RUS,Skoda Octavia,3790.0,4.0,
24,T734MH38RUS,Volkswagen Golf,838.0,9.0,
25,H711TA153RUS,Skoda Octavia,2306.0,2.0,
26,O844TB123RUS,Toyota Camry,,2.0,
27,C673CE193RUS,Volkswagen Passat,605.0,8.0,
28,K635TO127RUS,Ford Fiesta,,7.0,
29,E801CX107RUS,Skoda Octavia,3685.0,7.0,
30,O400BE42RUS,Ford Fiesta,1979.0,5.0,
31,K850EX137RUS,Volkswagen Passat,4462.0,1.0,
32,H226EO60RUS,Volkswagen Passat,4741.0,5.0,
33,P316TB150RUS,Volkswagen Passat,1449.0,5.0,
34,E714KP21RUS,Volkswagen Golf,1273.0,5.0,
35,C453BB195RUS,,1325.0,1.0,
36,M128TT116RUS,Ford Mondeo,2146.0,3.0,
37,O429HT171RUS,Skoda Octavia,3306.0,7.0,
38,P443HK149RUS,Toyota Camry,4935.0,3.0,
39,K383AA51RUS,Ford Mondeo,3854.0,7.0,
40,C453BB195RUS,Skoda Octavia,4351.0,7.0,
41,C398TC26RUS,Ford Mondeo,1592.0,3.0,
42,C398TC26RUS,Volkswagen Golf,2946.0,3.0,
43,K424XT43RUS,Ford Mondeo,4625.0,,
44,T453MC158RUS,Ford Fiesta,1166.0,,
45,A634ET109RUS,Skoda Octavia,1733.0,,
46,X168TH126RUS,Toyota Camry,502.0,9.0,
47,O448KE71RUS,Ford Fiesta,612.0,9.0,
48,E527KP183RUS,,1294.0,,
49,B704XP18RUS,Toyota Camry,3336.0,8.0,
50,B736EA105RUS,Toyota Camry,3222.0,10.0,
51,T624TM123RUS,Ford Mondeo,2322.0,4.0,
52,A746EB53RUS,Volkswagen Golf,,1.0,
53,M341MX140RUS,BMW 320,3267.0,5.0,
54,K750XK133RUS,BMW 320,2501.0,6.0,
55,A706AX62RUS,,4450.0,2.0,
56,X904OH139RUS,Ford Focus,3550.0,6.0,
57,A746EB53RUS,Ford Mondeo,3974.0,6.0,
58,K624TT94RUS,,3769.0,,
59,P807TT161RUS,Ford Focus,2313.0,,
60,H673KA98RUS,Ford Fiesta,3917.0,4.0,
61,K488CT87RUS,Ford Fiesta,2176.0,1.0,
62,T767MO66RUS,Skoda Octavia,3138.0,2.0,
63,T436XK85RUS,Volkswagen Passat,828.0,6.0,
64,A810MC52RUS,Skoda Octavia,3726.0,4.0,
65,H189MX164RUS,Ford Mondeo,2402.0,2.0,
66,E541XT52RUS,Skoda Octavia,3397.0,4.0,
67,E527KP183RUS,Toyota Camry,1307.0,8.0,
68,T624TM123RUS,Volkswagen Passat,4744.0,8.0,
69,C537ET138RUS,BMW 320,3971.0,6.0,
70,T352TX66RUS,Ford Mondeo,1406.0,3.0,
71,A193CT190RUS,Toyota Camry,2963.0,,
72,H189MX164RUS,Skoda Octavia,4113.0,4.0,
73,C851KP59RUS,Ford Mondeo,1211.0,5.0,
74,K850EX137RUS,BMW 320,3793.0,7.0,
75,T305TM28RUS,Ford Fiesta,,10.0,
76,B565MM178RUS,Skoda Octavia,1178.0,1.0,
77,M954MT115RUS,Ford Focus,820.0,8.0,
78,K383AA51RUS,Ford Focus,3546.0,10.0,
79,K858KC94RUS,Skoda Octavia,3174.0,3.0,
80,M354PC62RUS,,4126.0,8.0,
81,K607MM170RUS,Toyota Camry,,1.0,
82,E532TH131RUS,,1985.0,5.0,
83,X144AC160RUS,BMW 320,4783.0,6.0,
84,O674MH70RUS,Volkswagen Golf,2972.0,5.0,
85,P316TB150RUS,,,7.0,
86,O448KE71RUS,Ford Focus,,4.0,
87,P116HM150RUS,Volkswagen Golf,4924.0,3.0,
88,E349TE61RUS,Volkswagen Golf,3578.0,2.0,
89,A471PB165RUS,,2829.0,4.0,
90,E541XT52RUS,,3759.0,,
91,C584TC61RUS,Volkswagen Passat,1749.0,5.0,
92,O674MH70RUS,Skoda Octavia,,1.0,
93,K624TT94RUS,Skoda Octavia,1568.0,3.0,
94,O740BA44RUS,Ford Mondeo,,5.0,
95,O225OT165RUS,Ford Focus,637.0,2.0,
96,X948KE18RUS,BMW 320,1818.0,,
97,X581XT183RUS,Ford Fiesta,3035.0,9.0,
98,O541PC42RUS,Skoda Octavia,3620.0,10.0,
99,P316TB150RUS,Ford Fiesta,2407.0,5.0,
100,A741CH152RUS,Volkswagen Passat,,6.0,
101,O563OM167RUS,BMW 320,4588.0,8.0,
102,K512TM84RUS,Volkswagen Passat,1848.0,1.0,
103,P102AC92RUS,Skoda Octavia,2581.0,9.0,
104,K512TM84RUS,Skoda Octavia,3280.0,,
105,M365OP29RUS,Toyota Camry,950.0,8.0,
106,X609KM11RUS,BMW 320,2614.0,2.0,
107,B494HM172RUS,Ford Focus,4992.0,1.0,
108,E714KP21RUS,Ford Focus,,5.0,
109,K488CT87RUS,Ford Fiesta,1345.0,4.0,
110,A394HB54RUS,Ford Fiesta,3396.0,2.0,
111,M128TT116RUS,Volkswagen Golf,,4.0,
112,O438KH34RUS,Ford Fiesta,,8.0,
113,E916PM79RUS,Toyota Camry,3574.0,9.0,
114,K303XH61RUS,Ford Mondeo,1239.0,10.0,
115,K337XC135RUS,BMW 320,3001.0,1.0,
116,P116HM150RUS,Ford Focus,3540.0,8.0,
117,K465KK188RUS,Ford Mondeo,602.0,9.0,
118,O827CE145RUS,Ford Fiesta,,3.0,
119,H508OA79RUS,Skoda Octavia,3985.0,5.0,
120,T398XT143RUS,Volkswagen Passat,4648.0,1.0,
121,C513CO59RUS,Ford Mondeo,4369.0,4.0,
122,H753TX110RUS,,4812.0,3.0,
123,H189MX164RUS,BMW 320,3819.0,8.0,
124,K303XH61RUS,Skoda Octavia,3565.0,6.0,
125,M566AT86RUS,Ford Mondeo,3243.0,1.0,
126,C851KP59RUS,Ford Focus,2723.0,4.0,
127,B494HM172RUS,Skoda Octavia,4114.0,10.0,
128,O632XE167RUS,BMW 320,536.0,,
129,T947XA171RUS,Ford Mondeo,1781.0,4.0,
130,O225OT165RUS,BMW 320,970.0,9.0,
131,C453BB195RUS,Ford Fiesta,3448.0,3.0,
132,K397KP50RUS,,4951.0,3.0,
133,B638MX94RUS,Ford Fiesta,4331.0,1.0,
134,B206HX178RUS,,1019.0,,
135,X832CO153RUS,Volkswagen Passat,3399.0,8.0,
136,T947XA171RUS,Volkswagen Golf,712.0,4.0,
137,O742XM40RUS,Ford Mondeo,1990.0,,
138,X229XH80RUS,Ford Fiesta,3021.0,3.0,
139,P316TB150RUS,Ford Focus,1547.0,3.0,
140,B888MC47RUS,Toyota Camry,3821.0,6.0,
141,O248PC129RUS,Skoda Octavia,3064.0,10.0,
142,T624TM123RUS,Volkswagen Passat,2852.0,7.0,
143,E541XT52RUS,,4499.0,8.0,
144,E801CX107RUS,Volkswagen Passat,1844.0,5.0,
145,K424XT43RUS,Skoda Octavia,3560.0,5.0,
146,P316TB150RUS,Volkswagen Passat,2485.0,6.0,
147,O448KE71RUS,Volkswagen Golf,2804.0,5.0,
148,T129AT17RUS,Toyota Camry,3517.0,6.0,
149,C790PB112RUS,Ford Focus,2397.0,,
150,K635TO127RUS,Skoda Octavia,2654.0,6.0,
151,P807TT161RUS,BMW 320,2927.0,8.0,
152,E720TH149RUS,Ford Focus,,1.0,
153,H932HT159RUS,Toyota Camry,1900.0,10.0,
154,H508OA79RUS,BMW 320,1687.0,6.0,
155,T398XT143RUS,Skoda Octavia,2223.0,10.0,
156,P807TT161RUS,,3267.0,,
157,K488CT87RUS,Volkswagen Golf,3840.0,,
158,O740BA44RUS,Volkswagen Passat,4171.0,6.0,
159,H588AO145RUS,Volkswagen Golf,,6.0,
160,T947XA171RUS,Volkswagen Passat,3068.0,10.0,
161,T303TX108RUS,Ford Focus,4258.0,6.0,
162,T124MC74RUS,Skoda Octavia,3301.0,4.0,
163,O541PC42RUS,Ford Fiesta,3479.0,2.0,
164,P686CC47RUS,Skoda Octavia,3544.0,1.0,
165,X581XT183RUS,BMW 320,2598.0,7.0,
166,X765OO18RUS,Volkswagen Passat,3872.0,2.0,
167,X229XH80RUS,Ford Mondeo,635.0,8.0,
168,C707PO39RUS,Ford Focus,2558.0,8.0,
169,T398XT143RUS,Ford Fiesta,1346.0,,
170,T924KT177RUS,BMW 320,2377.0,,
171,C790PB112RUS,Skoda Octavia,4475.0,9.0,
172,K624TT94RUS,BMW 320,2226.0,10.0,
173,K750XK133RUS,Volkswagen Golf,4325.0,8.0,
174,K512TM84RUS,Ford Fiesta,2327.0,9.0,
175,O429HT171RUS,Volkswagen Passat,1931.0,7.0,
176,M341MX140RUS,Ford Fiesta,4020.0,,
177,X144AC160RUS,,3525.0,1.0,
178,H241TA46RUS,Volkswagen Golf,1718.0,7.0,
179,P418OA184RUS,Ford Fiesta,,8.0,
180,P141PC193RUS,,1336.0,9.0,
181,X948KE18RUS,,3648.0,4.0,
182,M282OK133RUS,Volkswagen Passat,2892.0,7.0,
183,H483MT43RUS,Toyota Camry,812.0,4.0,
184,M203TC13RUS,Toyota Camry,2697.0,4.0,
185,X144AC160RUS,BMW 320,4459.0,6.0,
186,K858KC94RUS,Toyota Camry,2676.0,5.0,
187,H223BX110RUS,Ford Fiesta,2448.0,,
188,O827CE145RUS,Toyota Camry,3380.0,8.0,
189,O632XE167RUS,Ford Mondeo,4511.0,8.0,
190,P102AC92RUS,Ford Mondeo,4495.0,7.0,
191,C707PO39RUS,Ford Focus,2065.0,4.0,
192,O225OT165RUS,Volkswagen Golf,1730.0,6.0,
193,A902HT130RUS,Toyota Camry,2771.0,7.0,
194,T398XT143RUS,Skoda Octavia,1598.0,9.0,
195,O977ET106RUS,Ford Fiesta,2717.0,5.0,
196,X270BH58RUS,BMW 320,1017.0,3.0,
197,P630CT54RUS,Ford Mondeo,1929.0,1.0,
198,K424XT43RUS,Toyota Camry,3695.0,6.0,
199,T303TX108RUS,Volkswagen Passat,3188.0,3.0,
200,A227PM105RUS,Ford Mondeo,2003.0,,
201,K379TB187RUS,Ford Fiesta,844.0,2.0,
202,X581XT183RUS,Toyota Camry,4229.0,1.0,
203,A483PP155RUS,Volkswagen Golf,2104.0,5.0,
204,B564XT129RUS,Volkswagen Golf,3316.0,6.0,
205,T253PM11RUS,Ford Focus,1053.0,2.0,
206,K488CT87RUS,Ford Mondeo,4555.0,1.0,
207,T924KT177RUS,BMW 320,1144.0,1.0,
208,X450MM75RUS,Toyota Camry,3761.0,8.0,
209,A193CT190RUS,BMW 320,1071.0,2.0,
210,P443HK149RUS,Skoda Octavia,4742.0,,
211,K642BX101RUS,Ford Focus,,1.0,
212,O400BE42RUS,Toyota Camry,4248.0,8.0,
213,A471PB165RUS,Ford Focus,,10.0,
214,C537ET138RUS,Volkswagen Golf,1017.0,7.0,
215,P141PC193RUS,Volkswagen Passat,1775.0,9.0,
216,K624TT94RUS,,,9.0,
217,P218BM110RUS,BMW 320,3204.0,7.0,
218,K925XM189RUS,Ford Fiesta,2484.0,5.0,
219,M566AT86RUS,Volkswagen Golf,2071.0,,
220,T400KO71RUS,BMW 320,4028.0,8.0,
221,T303TX108RUS,Skoda Octavia,4150.0,9.0,
222,H321EX110RUS,Volkswagen Golf,,5.0,
223,M181MH38RUS,Skoda Octavia,2539.0,5.0,
224,X765OO18RUS,Ford Mondeo,3258.0,4.0,
225,C707PO39RUS,Volkswagen Passat,4086.0,,
226,H177XH152RUS,Ford Fiesta,,3.0,
227,H449XA106RUS,,,6.0,
228,K379TB187RUS,Volkswagen Golf,826.0,4.0,
229,C774TC55RUS,BMW 320,3737.0,2.0,
230,T436XK85RUS,Ford Focus,1341.0,5.0,
231,P116HM150RUS,Ford Fiesta,1840.0,6.0,
232,T734MH38RUS,Ford Mondeo,2995.0,7.0,
233,E882HT121RUS,Skoda Octavia,863.0,,
234,K424XT43RUS,Skoda Octavia,868.0,4.0,
235,P141PC193RUS,Ford Focus,4950.0,2.0,
236,E286CT57RUS,Volkswagen Passat,3219.0,3.0,
237,P218BM110RUS,Toyota Camry,4677.0,6.0,
238,H177XH152RUS,BMW 320,3242.0,1.0,
239,B514EK46RUS,BMW 320,1669.0,3.0,
240,X832CO153RUS,Ford Focus,513.0,2.0,
241,C672PH61RUS,BMW 320,508.0,3.0,
242,X549CC189RUS,Ford Fiesta,2915.0,6.0,
243,M954MT115RUS,Ford Mondeo,1659.0,6.0,
244,T400KO71RUS,Skoda Octavia,766.0,9.0,
245,T767MO66RUS,Volkswagen Golf,4354.0,6.0,
246,A288KX137RUS,Volkswagen Passat,1576.0,4.0,
247,K383AA51RUS,Ford Focus,3599.0,,
248,O501CX76RUS,Skoda Octavia,3876.0,5.0,
249,K635TO127RUS,,637.0,8.0,
250,O225OT165RUS,BMW 320,3786.0,4.0,
251,T125PX109RUS,Skoda Octavia,,1.0,
252,A394HB54RUS,BMW 320,2393.0,10.0,
253,K607MM170RUS,Skoda Octavia,1893.0,2.0,
254,B564XT129RUS,BMW 320,1583.0,10.0,
255,O400BE42RUS,,1940.0,9.0,
256,X549CC189RUS,Volkswagen Passat,3447.0,5.0,
257,O716HA116RUS,Toyota Camry,3302.0,9.0,
258,A193CT190RUS,Volkswagen Golf,529.0,9.0,
259,T352TX66RUS,,961.0,5.0,
260,P597TT172RUS,Toyota Camry,1198.0,5.0,
261,X368KT116RUS,Ford Focus,,2.0,
262,T253PM11RUS,Toyota Camry,2676.0,8.0,
263,P597TT172RUS,Volkswagen Golf,,9.0,
264,K488CT87RUS,Ford Focus,4101.0,3.0,
265,X549CC189RUS,Ford Fiesta,3156.0,9.0,
266,K624TT94RUS,Ford Fiesta,3867.0,3.0,
267,T398XT143RUS,Ford Focus,4214.0,7.0,
268,K303XH61RUS,Skoda Octavia,1226.0,5.0,
269,X163XA123RUS,Volkswagen Golf,,,
270,T323PE160RUS,BMW 320,2244.0,8.0,
271,X581XT183RUS,Skoda Octavia,,6.0,
272,O429HT171RUS,Ford Focus,1875.0,1.0,
273,C232TX172RUS,Ford Fiesta,,9.0,
274,E673CM167RUS,BMW 320,4317.0,,
275,H811TO199RUS,Volkswagen Golf,847.0,2.0,
276,P807TT161RUS,Skoda Octavia,1937.0,7.0,
277,E629BT139RUS,Volkswagen Passat,1877.0,8.0,
278,K303XH61RUS,,871.0,2.0,
279,K624TT94RUS,Volkswagen Golf,3181.0,7.0,
280,E639ME26RUS,Ford Fiesta,4506.0,1.0,
281,B380OH81RUS,Toyota Camry,680.0,2.0,
282,P105MB29RUS,Skoda Octavia,3374.0,2.0,
283,E349TE61RUS,Volkswagen Golf,786.0,4.0,
284,X270BH58RUS,Toyota Camry,1414.0,7.0,
285,T938BP118RUS,Ford Fiesta,3226.0,6.0,
286,A227PM105RUS,Ford Mondeo,1845.0,9.0,
287,C851KP59RUS,BMW 320,3919.0,,
288,T436XK85RUS,Skoda Octavia,1750.0,10.0,
289,P630CT54RUS,Ford Mondeo,4888.0,6.0,
290,C232TX172RUS,Volkswagen Golf,2303.0,10.0,
291,T303TX108RUS,Volkswagen Passat,2690.0,9.0,
292,K642BX101RUS,Ford Mondeo,2478.0,9.0,
293,C852PK84RUS,Volkswagen Golf,3903.0,6.0,
294,C851KP59RUS,BMW 320,,,
295,K624TT94RUS,Volkswagen Passat,,7.0,
296,C852OK191RUS,,1449.0,5.0,
297,X609KM11RUS,Volkswagen Golf,,9.0,
298,K488CT87RUS,Volkswagen Golf,3681.0,10.0,
299,C398TC26RUS,Toyota Camry,847.0,7.0,
300,C852PK84RUS,Volkswagen Passat,1891.0,5.0,
301,P630CT54RUS,Ford Fiesta,2027.0,3.0,
302,X270BH58RUS,BMW 320,4654.0,6.0,
303,M181MH38RUS,Toyota Camry,1613.0,8.0,
304,B422PP59RUS,Volkswagen Golf,3947.0,2.0,
305,B565MM178RUS,Toyota Camry,746.0,10.0,
306,T352TX66RUS,Toyota Camry,1347.0,10.0,
307,X832CO153RUS,BMW 320,4643.0,,
308,X584EK151RUS,Volkswagen Passat,1875.0,8.0,
309,X584EK151RUS,Volkswagen Passat,1709.0,9.0,
310,E284TA157RUS,Ford Fiesta,4252.0,6.0,
311,A394HB54RUS,,4425.0,8.0,
312,X832CO153RUS,Volkswagen Golf,1558.0,8.0,
313,H483MT43RUS,BMW 320,2204.0,3.0,
314,O170AB188RUS,Ford Focus,3028.0,7.0,
315,B849TP184RUS,Ford Fiesta,3563.0,1.0,
316,B736EA105RUS,Volkswagen Golf,3316.0,6.0,
317,C398TC26RUS,Volkswagen Golf,3024.0,2.0,
318,M203TC13RUS,Ford Focus,1171.0,5.0,
319,T938BP118RUS,Ford Fiesta,623.0,8.0,
320,C453BB195RUS,Toyota Camry,1549.0,6.0,
321,A706AX62RUS,Toyota Camry,2597.0,8.0,
322,H673KA98RUS,Ford Mondeo,531.0,1.0,
323,X144AC160RUS,BMW 320,3317.0,,
324,T891EC33RUS,Ford Fiesta,4032.0,2.0,
325,O448KE71RUS,Ford Fiesta,,7.0,
326,H778MC36RUS,Ford Fiesta,1019.0,10.0,
327,E541XT52RUS,BMW 320,3588.0,9.0,
328,E673CM167RUS,BMW 320,3118.0,3.0,
329,C513CO59RUS,BMW 320,562.0,,
330,K642BX101RUS,Volkswagen Passat,3583.0,,
331,T773PX182RUS,Ford Mondeo,3329.0,6.0,
332,B289TO63RUS,BMW 320,3688.0,10.0,
333,H588AO145RUS,Ford Focus,2906.0,9.0,
334,T129AT17RUS,BMW 320,3927.0,4.0,
335,E532TH131RUS,Volkswagen Golf,,6.0,
336,B380OH81RUS,Ford Fiesta,4878.0,6.0,
337,O742XM40RUS,BMW 320,2559.0,2.0,
338,T323PE160RUS,Volkswagen Passat,1230.0,10.0,
339,T303TX108RUS,Skoda Octavia,3698.0,9.0,
340,E714KP21RUS,Volkswagen Passat,2258.0,8.0,
341,M128TT116RUS,Ford Mondeo,4412.0,,
342,H508OA79RUS,Ford Focus,,7.0,
343,C398TC26RUS,Ford Mondeo,4155.0,6.0,
344,H778MC36RUS,Ford Focus,4106.0,8.0,
345,K642BX101RUS,Ford Focus,2729.0,9.0,
346,A746EB53RUS,Ford Fiesta,3059.0,7.0,
347,K731EA165RUS,BMW 320,3083.0,4.0,
348,M365OP29RUS,Volkswagen Golf,711.0,7.0,
349,X584EK151RUS,Volkswagen Passat,1502.0,2.0,
350,P553XA20RUS,BMW 320,2627.0,5.0,
351,K303XH61RUS,Volkswagen Passat,,4.0,
352,M282OK133RUS,Volkswagen Passat,3287.0,1.0,
353,H932HT159RUS,Ford Focus,4015.0,9.0,
354,A394HB54RUS,BMW 320,1399.0,,
355,A706AX62RUS,Ford Fiesta,3230.0,9.0,
356,T753BT157RUS,Ford Fiesta,581.0,2.0,
357,T924KT177RUS,Skoda Octavia,874.0,,
358,O759BX116RUS,,1359.0,10.0,
359,T624TM123RUS,Ford Mondeo,3987.0,,
360,T323PE160RUS,Ford Mondeo,,10.0,
361,E603MX87RUS,Ford Mondeo,,9.0,
362,A738MX48RUS,Volkswagen Golf,2014.0,8.0,
363,E284TA157RUS,Volkswagen Passat,4245.0,3.0,
364,O716HA116RUS,,,,
365,K679TA86RUS,Skoda Octavia,2383.0,7.0,
366,E801CX107RUS,Volkswagen Passat,3643.0,,
367,O541PC42RUS,Volkswagen Passat,773.0,10.0,
368,O742XM40RUS,Ford Focus,903.0,5.0,
369,P141PC193RUS,Ford Mondeo,1443.0,10.0,
370,T624TM123RUS,BMW 320,3386.0,8.0,
371,C584TC61RUS,Ford Focus,1993.0,10.0,
372,X163XA123RUS,BMW 320,1112.0,2.0,
373,C707PO39RUS,Ford Fiesta,4763.0,1.0,
374,T753BT157RUS,Volkswagen Golf,3313.0,7.0,
375,T753BT157RUS,BMW 320,4162.0,,
376,B638MX94RUS,BMW 320,4926.0,9.0,
377,H753TX110RUS,BMW 320,1465.0,10.0,
378,K397KP50RUS,Volkswagen Passat,4447.0,3.0,
379,T305TM28RUS,Toyota Camry,2805.0,7.0,
380,K731EA165RUS,Ford Focus,3768.0,8.0,
381,T303TX108RUS,Skoda Octavia,1424.0,7.0,
382,B422PP59RUS,Toyota Camry,2169.0,1.0,
383,H932OT27RUS,Toyota Camry,2602.0,5.0,
384,A706AX62RUS,Ford Focus,3182.0,4.0,
385,H912TX128RUS,Volkswagen Passat,4050.0,3.0,
386,C707PO39RUS,Ford Focus,4103.0,6.0,
387,P630CT54RUS,Ford Focus,1747.0,,
388,T767MO66RUS,Toyota Camry,1925.0,9.0,
389,P512XC192RUS,Ford Fiesta,1265.0,1.0,
390,H912TX128RUS,Skoda Octavia,2851.0,4.0,
391,O742XM40RUS,Skoda Octavia,883.0,6.0,
392,B422PP59RUS,,2058.0,6.0,
393,E673CM167RUS,Skoda Octavia,872.0,7.0,
394,C513CO59RUS,Volkswagen Passat,,,
395,O844TB123RUS,Ford Focus,4381.0,9.0,
396,P433AA197RUS,Skoda Octavia,,8.0,
397,B564XT129RUS,Skoda Octavia,1508.0,1.0,
398,C398TC26RUS,Skoda Octavia,3413.0,6.0,
399,B103PA133RUS,Ford Mondeo,1721.0,5.0,
400,C851KP59RUS,BMW 320,3712.0,8.0,
401,E911XK42RUS,Ford Mondeo,3646.0,,
402,X368KT116RUS,Skoda Octavia,1746.0,,
403,T882AK67RUS,Ford Mondeo,2297.0,4.0,
404,A706AX62RUS,BMW 320,3363.0,2.0,
405,A746EB53RUS,Ford Mondeo,2292.0,2.0,
406,H711TA153RUS,Ford Fiesta,2998.0,9.0,
407,M181MH38RUS,,,1.0,
408,X549CC189RUS,Volkswagen Passat,3777.0,1.0,
409,E673CM167RUS,Volkswagen Passat,1768.0,10.0,
410,K337XC135RUS,Ford Focus,583.0,6.0,
411,T947XA171RUS,,2255.0,3.0,
412,B422PP59RUS,,1180.0,5.0,
413,E101XK169RUS,Skoda Octavia,4183.0,8.0,
414,E284TA157RUS,Ford Mondeo,1481.0,1.0,
415,X270BH58RUS,,1716.0,9.0,
416,P218BM110RUS,Volkswagen Golf,,6.0,
417,X163XA123RUS,Volkswagen Passat,2958.0,,
418,O957PE182RUS,Toyota Camry,3525.0,2.0,
419,P630CT54RUS,Ford Fiesta,4380.0,5.0,
420,B103PA133RUS,Ford Focus,2752.0,1.0,
421,M128TT116RUS,Volkswagen Golf,4049.0,8.0,
422,E527KP183RUS,Volkswagen Golf,2886.0,8.0,
423,C672PH61RUS,Ford Fiesta,1011.0,1.0,
424,O844TB123RUS,Skoda Octavia,4381.0,5.0,
425,B380OH81RUS,BMW 320,3943.0,4.0,
426,B564XT129RUS,,2611.0,4.0,
427,O429HT171RUS,Toyota Camry,506.0,1.0,
428,M954MT115RUS,Ford Fiesta,1533.0,8.0,
429,B514EK46RUS,Toyota Camry,2499.0,4.0,
430,K379TB187RUS,Ford Mondeo,1050.0,8.0,
431,T938BP118RUS,Volkswagen Golf,1359.0,5.0,
432,O844TB123RUS,Volkswagen Golf,3100.0,6.0,
433,K512TM84RUS,BMW 320,1299.0,5.0,
434,K607MM170RUS,Ford Fiesta,2716.0,10.0,
435,B854KH32RUS,Volkswagen Passat,2628.0,2.0,
436,T253PM11RUS,BMW 320,2771.0,7.0,
437,P630CT54RUS,Toyota Camry,4308.0,2.0,
438,T753BT157RUS,Ford Focus,1255.0,,
439,K624TT94RUS,Toyota Camry,2059.0,7.0,
440,B103PA133RUS,,1932.0,5.0,
441,X609KM11RUS,BMW 320,2769.0,10.0,
442,B380OH81RUS,Volkswagen Passat,4699.0,9.0,
443,E788TT161RUS,Ford Focus,,8.0,
444,E673CM167RUS,,606.0,6.0,
445,C672PH61RUS,Skoda Octavia,2797.0,,
446,P102AC92RUS,Volkswagen Passat,,1.0,
447,A193CT190RUS,Ford Focus,1649.0,8.0,
448,H321EX110RUS,Toyota Camry,3990.0,2.0,
449,C851KP59RUS,Ford Fiesta,2476.0,7.0,
450,T938BP118RUS,BMW 320,3618.0,5.0,
451,B736EA105RUS,Volkswagen Passat,1728.0,,
452,X832CO153RUS,Volkswagen Passat,1760.0,7.0,
453,A634ET109RUS,Ford Fiesta,,6.0,
454,H588AO145RUS,BMW 320,3034.0,9.0,
455,T624TM123RUS,Skoda Octavia,1243.0,2.0,
456,E673CM167RUS,Volkswagen Golf,1236.0,6.0,
457,C774TC55RUS,Toyota Camry,745.0,4.0,
458,B380OH81RUS,Toyota Camry,3875.0,1.0,
459,A471PB165RUS,Ford Focus,4103.0,5.0,
460,K731EA165RUS,Ford Fiesta,4433.0,1.0,
461,B422PP59RUS,Ford Fiesta,4918.0,1.0,
462,K635TO127RUS,Volkswagen Golf,3234.0,2.0,
463,E673CM167RUS,Ford Fiesta,4149.0,2.0,
464,H189MX164RUS,BMW 320,3142.0,1.0,
465,B289TO63RUS,Skoda Octavia,1252.0,2.0,
466,O170AB188RUS,Toyota Camry,1215.0,5.0,
467,E893AK16RUS,Ford Focus,954.0,8.0,
468,T323PE160RUS,Toyota Camry,3612.0,2.0,
469,A394HB54RUS,Ford Focus,2303.0,8.0,
470,O759BX116RUS,BMW 320,2070.0,4.0,
471,K614EC124RUS,,4318.0,7.0,
472,H241TA46RUS,Ford Mondeo,3163.0,1.0,
473,K191KX39RUS,Volkswagen Passat,,6.0,
474,X549CC189RUS,Ford Focus,4153.0,10.0,
475,E541XT52RUS,Toyota Camry,4186.0,2.0,
476,O977ET106RUS,BMW 320,908.0,1.0,
477,K614EC124RUS,Volkswagen Passat,1455.0,,
478,T753BT157RUS,Ford Focus,3910.0,8.0,
479,K465KK188RUS,Ford Fiesta,2749.0,,
480,X368KT116RUS,BMW 320,3684.0,,
481,K679TA86RUS,Ford Fiesta,3777.0,10.0,
482,O170AB188RUS,,,9.0,
483,H226EO60RUS,Volkswagen Golf,2957.0,5.0,
484,X450MM75RUS,Volkswagen Passat,4601.0,1.0,
485,K512TM84RUS,,2533.0,,
486,K322TP143RUS,,4081.0,9.0,
487,O170AB188RUS,Volkswagen Golf,4322.0,3.0,
488,P116HM150RUS,Volkswagen Golf,768.0,8.0,
489,X765OO18RUS,Ford Focus,4783.0,5.0,
490,O674MH70RUS,Volkswagen Golf,702.0,1.0,
491,X549CC189RUS,Ford Fiesta,4121.0,10.0,
492,C673CE193RUS,Volkswagen Passat,4285.0,7.0,
493,B332KC35RUS,BMW 320,1114.0,10.0,
494,P512XC192RUS,Skoda Octavia,2523.0,4.0,
495,C453BB195RUS,Ford Focus,3332.0,9.0,
496,T891EC33RUS,Toyota Camry,3541.0,4.0,
497,A692TT172RUS,Volkswagen Golf,1162.0,9.0,
498,T492PC75RUS,Ford Fiesta,2028.0,2.0,
499,X609KM11RUS,,643.0,8.0,
500,P807TT161RUS,Ford Focus,544.0,1.0,
501,C513CO59RUS,BMW 320,2355.0,5.0,
502,P218BM110RUS,Ford Mondeo,,7.0,
503,P316TB150RUS,BMW 320,584.0,,
504,H811TO199RUS,Ford Mondeo,4629.0,9.0,
505,C984CA136RUS,Volkswagen Passat,3985.0,1.0,
506,E893AK16RUS,Ford Focus,1759.0,7.0,
507,P703BA166RUS,Volkswagen Golf,2109.0,9.0,
508,P703BA166RUS,Skoda Octavia,1691.0,9.0,
509,E893AK16RUS,Volkswagen Passat,597.0,5.0,
510,T938BP118RUS,Ford Focus,,,
511,A288KX137RUS,Toyota Camry,577.0,3.0,
512,O674MH70RUS,BMW 320,582.0,3.0,
513,M354PC62RUS,Ford Fiesta,2561.0,8.0,
514,C707PO39RUS,,1199.0,8.0,
515,E788TT161RUS,Ford Fiesta,1789.0,2.0,
516,O170AB188RUS,BMW 320,4921.0,1.0,
517,T345OA132RUS,Ford Focus,2977.0,10.0,
518,C673CE193RUS,Ford Focus,1821.0,9.0,
519,E231ME60RUS,,3674.0,,
520,O740BA44RUS,BMW 320,,1.0,
521,E532TH131RUS,Volkswagen Passat,1870.0,2.0,
522,O632XE167RUS,Volkswagen Golf,,8.0,
523,B514EK46RUS,Ford Fiesta,3033.0,9.0,
524,M128TT116RUS,Skoda Octavia,2597.0,2.0,
525,A483PP155RUS,Volkswagen Golf,1887.0,1.0,
526,E673CM167RUS,Volkswagen Golf,,5.0,
527,A706AX62RUS,Skoda Octavia,1573.0,9.0,
528,P703BA166RUS,Toyota Camry,786.0,6.0,
529,T624TM123RUS,Ford Mondeo,3252.0,7.0,
530,T124MC74RUS,,,,
531,B564XT129RUS,BMW 320,4468.0,1.0,
532,A746EB53RUS,BMW 320,,1.0,
533,H449XA106RUS,Volkswagen Passat,1594.0,8.0,
534,A706AX62RUS,Ford Focus,3980.0,4.0,
535,H673KA98RUS,,2779.0,10.0,
536,O448KE71RUS,,1967.0,10.0,
537,O448KE71RUS,Ford Focus,4226.0,7.0,
538,C852OK191RUS,BMW 320,2977.0,4.0,
539,T129AT17RUS,BMW 320,3542.0,9.0,
540,O448KE71RUS,Skoda Octavia,2661.0,10.0,
541,T398XT143RUS,Skoda Octavia,640.0,7.0,
542,A193CT190RUS,Volkswagen Golf,1925.0,4.0,
543,P630CT54RUS,,3700.0,1.0,
544,T882AK67RUS,Volkswagen Passat,3666.0,6.0,
545,T323PE160RUS,Ford Fiesta,2843.0,9.0,
546,B289TO63RUS,Ford Focus,4209.0,10.0,
547,T773PX182RUS,Toyota Camry,3739.0,9.0,
548,T624TM123RUS,BMW 320,3574.0,4.0,
549,E916PM79RUS,Skoda Octavia,668.0,3.0,
550,M181MH38RUS,Ford Mondeo,3630.0,1.0,
551,X229XH80RUS,Volkswagen Passat,3786.0,4.0,
552,T303TX108RUS,,2971.0,3.0,
553,T773PX182RUS,,,7.0,
554,H588AO145RUS,Volkswagen Golf,4312.0,5.0,
555,K607MM170RUS,BMW 320,3121.0,7.0,
556,E629BT139RUS,Ford Mondeo,1463.0,5.0,
557,K679TA86RUS,Skoda Octavia,2296.0,2.0,
558,B380OH81RUS,,,4.0,
559,K607MM170RUS,,1624.0,3.0,
560,O400BE42RUS,Toyota Camry,,4.0,
561,T891EC33RUS,BMW 320,631.0,9.0,
562,P433AA197RUS,Volkswagen Golf,1596.0,2.0,
563,H912TX128RUS,,,10.0,
564,E801CX107RUS,Ford Fiesta,,2.0,
565,O716HA116RUS,Skoda Octavia,4880.0,6.0,
566,C672PH61RUS,Volkswagen Passat,4202.0,5.0,
567,P102AC92RUS,Volkswagen Golf,3217.0,9.0,
568,E673CM167RUS,Ford Focus,1252.0,3.0,
569,P553XA20RUS,Volkswagen Passat,684.0,2.0,
570,B630TT126RUS,Toyota Camry,2170.0,5.0,
571,A471PB165RUS,Volkswagen Golf,2054.0,9.0,
572,P443HK149RUS,BMW 320,1013.0,2.0,
573,H588AO145RUS,Ford Fiesta,2296.0,3.0,
574,H912TX128RUS,Volkswagen Passat,3842.0,6.0,
575,P433AA197RUS,Ford Mondeo,1791.0,10.0,
576,A746EB53RUS,Volkswagen Passat,1969.0,6.0,
577,B206HX178RUS,Ford Mondeo,2027.0,4.0,
578,T767MO66RUS,,4985.0,3.0,
579,B704XP18RUS,Ford Mondeo,4709.0,2.0,
580,K191KX39RUS,BMW 320,2975.0,8.0,
581,A810MC52RUS,Ford Fiesta,2982.0,7.0,
582,K925XM189RUS,Volkswagen Golf,,6.0,
583,H321EX110RUS,BMW 320,2865.0,9.0,
584,O716HA116RUS,BMW 320,1909.0,5.0,
585,X904OH139RUS,Toyota Camry,1241.0,5.0,
586,B888MC47RUS,,943.0,7.0,
587,K642BX101RUS,Skoda Octavia,4178.0,2.0,
588,X765OO18RUS,Ford Mondeo,,7.0,
589,K635TO127RUS,Skoda Octavia,2934.0,3.0,
590,A193CT190RUS,Ford Mondeo,4973.0,4.0,
591,A741CH152RUS,Toyota Camry,4148.0,6.0,
592,M354PC62RUS,Volkswagen Passat,1254.0,3.0,
593,O742XM40RUS,Ford Fiesta,1259.0,6.0,
594,H673KA98RUS,Volkswagen Passat,1755.0,8.0,
595,H449XA106RUS,BMW 320,3058.0,8.0,
596,K614EC124RUS,BMW 320,3783.0,9.0,
597,T124MC74RUS,Skoda Octavia,3103.0,10.0,
598,M341MX140RUS,,3192.0,10.0,
599,K383AA51RUS,BMW 320,616.0,7.0,
600,E541XT52RUS,Volkswagen Passat,968.0,8.0,
601,K635TO127RUS,Volkswagen Passat,4504.0,10.0,
602,P553XA20RUS,Ford Mondeo,2290.0,7.0,
603,X368KT116RUS,Ford Fiesta,2585.0,4.0,
604,C984CA136RUS,Volkswagen Golf,4231.0,2.0,
605,O704HM42RUS,,3495.0,3.0,
606,O448KE71RUS,Volkswagen Golf,,9.0,
607,H449XA106RUS,Ford Focus,,3.0,
608,B888MC47RUS,Ford Fiesta,4025.0,7.0,
609,B877CO116RUS,BMW 320,,9.0,
610,P437PM154RUS,,3612.0,10.0,
611,E284TA157RUS,Volkswagen Passat,3594.0,5.0,
612,E286CT57RUS,Skoda Octavia,1003.0,,
613,X163XA123RUS,Ford Fiesta,4259.0,10.0,
614,P116HM150RUS,Volkswagen Passat,2852.0,6.0,
615,E882HT121RUS,Volkswagen Golf,3070.0,4.0,
616,H241TA46RUS,Ford Mondeo,3226.0,4.0,
617,T352TX66RUS,Ford Focus,2549.0,8.0,
618,K731EA165RUS,Volkswagen Golf,749.0,10.0,
619,T129AT17RUS,Volkswagen Passat,4744.0,10.0,
620,K303XH61RUS,Volkswagen Golf,1997.0,9.0,
621,M365OP29RUS,Skoda Octavia,796.0,6.0,
622,T124MC74RUS,Volkswagen Golf,4371.0,1.0,
623,B704XP18RUS,Ford Focus,4323.0,1.0,
624,T924KT177RUS,Ford Fiesta,503.0,6.0,
625,K607MM170RUS,Ford Focus,2894.0,4.0,
626,A741CH152RUS,Ford Mondeo,3926.0,6.0,
627,K383AA51RUS,Ford Fiesta,1549.0,10.0,
628,M354PC62RUS,Volkswagen Passat,,10.0,
629,A471PB165RUS,Toyota Camry,3079.0,6.0,
630,T129AT17RUS,Toyota Camry,4159.0,5.0,
631,P512XC192RUS,Ford Focus,2582.0,9.0,
632,K750XK133RUS,,3091.0,5.0,
633,C453BB195RUS,Skoda Octavia,4109.0,6.0,
634,E882HT121RUS,Volkswagen Passat,4367.0,6.0,
635,K322TP143RUS,Volkswagen Passat,1232.0,2.0,
636,O170AB188RUS,,4105.0,6.0,
637,B514EK46RUS,Ford Fiesta,1003.0,7.0,
638,X581XT183RUS,Ford Fiesta,2314.0,,
639,H588AO145RUS,Ford Mondeo,4408.0,2.0,
640,E801CX107RUS,Volkswagen Passat,2263.0,3.0,
641,B877CO116RUS,,2121.0,5.0,
642,T398XT143RUS,Skoda Octavia,4204.0,2.0,
643,O827CE145RUS,BMW 320,3455.0,8.0,
644,M566AT86RUS,Volkswagen Golf,3518.0,9.0,
645,T624TM123RUS,Skoda Octavia,3426.0,6.0,
646,E720TH149RUS,Ford Mondeo,3249.0,8.0,
647,A634ET109RUS,Ford Focus,3049.0,5.0,
648,A746EB53RUS,Ford Mondeo,1547.0,2.0,
649,H588AO145RUS,Volkswagen Golf,999.0,1.0,
650,K424XT43RUS,Ford Fiesta,3952.0,2.0,
651,A193CT190RUS,Skoda Octavia,1292.0,8.0,
652,B422PP59RUS,BMW 320,1791.0,8.0,
653,T124MC74RUS,Ford Fiesta,4543.0,10.0,
654,T398XT143RUS,Toyota Camry,3858.0,10.0,
655,A288KX137RUS,Toyota Camry,1815.0,5.0,
656,H241TA46RUS,Ford Focus,1548.0,4.0,
657,P686CC47RUS,Toyota Camry,1968.0,9.0,
658,O844TB123RUS,BMW 320,3270.0,,
659,O977ET106RUS,Ford Mondeo,1213.0,,
660,M203TC13RUS,,2180.0,3.0,
661,E893AK16RUS,Toyota Camry,,8.0,
662,E629BT139RUS,Volkswagen Golf,,2.0,
663,B514EK46RUS,Volkswagen Golf,2968.0,5.0,
664,K397KP50RUS,Volkswagen Golf,1989.0,1.0,
665,O610AT29RUS,Ford Focus,4664.0,8.0,
666,T753BT157RUS,Ford Mondeo,1221.0,6.0,
667,H673KA98RUS,BMW 320,1888.0,2.0,
668,M354PC62RUS,,1770.0,2.0,
669,E788TT161RUS,Ford Focus,,2.0,
670,K635TO127RUS,Volkswagen Passat,1579.0,5.0,
671,X609KM11RUS,,4876.0,7.0,
672,B638MX94RUS,Ford Fiesta,3531.0,7.0,
673,H483MT43RUS,Volkswagen Passat,3977.0,5.0,
674,P686CC47RUS,Toyota Camry,4051.0,8.0,
675,T624TM123RUS,Ford Fiesta,2924.0,4.0,
676,T624TM123RUS,BMW 320,1835.0,,
677,B638MX94RUS,,4548.0,8.0,
678,O977ET106RUS,Ford Fiesta,2581.0,6.0,
679,K465KK188RUS,Volkswagen Passat,4942.0,1.0,
680,X168TH126RUS,Ford Focus,4436.0,9.0,
681,M181MH38RUS,Ford Mondeo,2637.0,7.0,
682,T124MC74RUS,Volkswagen Passat,,2.0,
683,C673CE193RUS,Skoda Octavia,1487.0,7.0,
684,E801CX107RUS,Ford Focus,2548.0,4.0,
685,H189MX164RUS,Ford Focus,4353.0,8.0,
686,M341MX140RUS,Toyota Camry,3641.0,8.0,
687,K635TO127RUS,Ford Mondeo,1444.0,9.0,
688,H588AO145RUS,Ford Fiesta,3371.0,6.0,
689,H508OA79RUS,Ford Focus,,7.0,
690,X609KM11RUS,BMW 320,4080.0,1.0,
691,H932HT159RUS,Ford Focus,1219.0,8.0,
692,M282OK133RUS,Ford Fiesta,1552.0,8.0,
693,P218BM110RUS,BMW 320,610.0,8.0,
694,H588AO145RUS,Skoda Octavia,,1.0,
695,P571HX74RUS,Ford Fiesta,3217.0,6.0,
696,H105TH162RUS,Ford Mondeo,2323.0,9.0,
697,P686CC47RUS,BMW 320,3835.0,9.0,
698,K750XK133RUS,Ford Mondeo,730.0,7.0,
699,T767MO66RUS,Volkswagen Golf,4128.0,5.0,
700,H753TX110RUS,Ford Fiesta,1482.0,4.0,
701,M954MT115RUS,Volkswagen Golf,2293.0,1.0,
702,A288KX137RUS,Toyota Camry,1367.0,4.0,
703,M354PC62RUS,BMW 320,2193.0,,
704,E101XK169RUS,Ford Fiesta,,4.0,
705,H105TH162RUS,Skoda Octavia,4852.0,2.0,
706,K614EC124RUS,Skoda Octavia,4381.0,9.0,
707,K731EA165RUS,Toyota Camry,,10.0,
708,M354PC62RUS,BMW 320,4921.0,1.0,
709,E284TA157RUS,Ford Mondeo,2225.0,4.0,
710,O674MH70RUS,Volkswagen Golf,4553.0,,
711,X581XT183RUS,Ford Mondeo,554.0,7.0,
712,O674MH70RUS,BMW 320,732.0,2.0,
713,H588AO145RUS,Toyota Camry,1460.0,10.0,
714,T624TM123RUS,Volkswagen Passat,3940.0,8.0,
715,O248PC129RUS,Ford Mondeo,3881.0,9.0,
716,B289TO63RUS,Ford Fiesta,563.0,9.0,
717,B638MX94RUS,Ford Fiesta,,2.0,
718,C398TC26RUS,Ford Fiesta,,8.0,
719,T400KO71RUS,Skoda Octavia,1442.0,,
720,C984CA136RUS,BMW 320,4761.0,2.0,
721,B103PA133RUS,Volkswagen Passat,1935.0,5.0,
722,T129AT17RUS,,3745.0,1.0,
723,H811TO199RUS,Volkswagen Passat,,3.0,
724,H778MC36RUS,Toyota Camry,2375.0,4.0,
725,K614EC124RUS,Volkswagen Passat,2768.0,8.0,
726,O400BE42RUS,BMW 320,1998.0,8.0,
727,X609KM11RUS,Skoda Octavia,4646.0,8.0,
728,A741CH152RUS,Ford Focus,2502.0,1.0,
729,B380OH81RUS,Volkswagen Golf,1884.0,10.0,
730,X229XH80RUS,Ford Focus,3571.0,6.0,
731,C852OK191RUS,Ford Focus,3342.0,,
732,O759BX116RUS,BMW 320,3691.0,8.0,
733,E882HT121RUS,Volkswagen Passat,4146.0,1.0,
734,H912TX128RUS,BMW 320,3514.0,5.0,
735,O170AB188RUS,Skoda Octavia,,4.0,
736,E801CX107RUS,,4873.0,2.0,
737,H753TX110RUS,BMW 320,561.0,1.0,
738,B854KH32RUS,Ford Fiesta,3532.0,6.0,
739,C852OK191RUS,Volkswagen Golf,2100.0,,
740,O248PC129RUS,Volkswagen Golf,2819.0,2.0,
741,T882AK67RUS,Ford Focus,4085.0,2.0,
742,C513CO59RUS,Ford Fiesta,2996.0,3.0,
743,O438KH34RUS,Skoda Octavia,2087.0,10.0,
744,H105TH162RUS,Skoda Octavia,3923.0,,
745,P443HK149RUS,Skoda Octavia,1244.0,1.0,
746,K383AA51RUS,Ford Mondeo,3167.0,8.0,
747,A193CT190RUS,Volkswagen Golf,,2.0,
748,P116HM150RUS,Ford Fiesta,4115.0,9.0,
749,P553XA20RUS,Skoda Octavia,1365.0,7.0,
750,T492PC75RUS,Ford Mondeo,2014.0,7.0,
751,X270BH58RUS,Ford Mondeo,,8.0,
752,P686CC47RUS,Skoda Octavia,2784.0,5.0,
753,B888MC47RUS,Volkswagen Golf,,9.0,
754,O170AB188RUS,Skoda Octavia,4167.0,5.0,
755,T492PC75RUS,Volkswagen Golf,,2.0,
756,M128TT116RUS,Ford Fiesta,4076.0,1.0,
757,C852PK84RUS,Ford Fiesta,3579.0,7.0,
758,A227PM105RUS,Skoda Octavia,4386.0,1.0,
759,O716HA116RUS,Toyota Camry,2238.0,9.0,
760,M354PC62RUS,Ford Focus,4911.0,7.0,
761,H753TX110RUS,Volkswagen Passat,3193.0,3.0,
762,A227PM105RUS,Volkswagen Golf,,6.0,
763,K642BX101RUS,Volkswagen Golf,4223.0,5.0,
764,K624TT94RUS,Ford Fiesta,3137.0,9.0,
765,C707PO39RUS,BMW 320,1121.0,6.0,
766,H177XH152RUS,Volkswagen Passat,3356.0,,
767,O400BE42RUS,Ford Mondeo,,3.0,
768,C852OK191RUS,Skoda Octavia,4670.0,8.0,
769,H711TA153RUS,BMW 320,,3.0,
770,H932OT27RUS,Ford Fiesta,1819.0,5.0,
771,P418OA184RUS,Toyota Camry,1153.0,2.0,
772,B854KH32RUS,Ford Fiesta,1743.0,10.0,
773,X144AC160RUS,,1117.0,7.0,
774,O716HA116RUS,Ford Focus,4064.0,4.0,
775,E639ME26RUS,Ford Focus,2692.0,6.0,
776,X144AC160RUS,Ford Fiesta,4804.0,1.0,
777,X581XT183RUS,Toyota Camry,1468.0,7.0,
778,A692TT172RUS,Ford Mondeo,1111.0,8.0,
779,K635TO127RUS,Ford Mondeo,4107.0,7.0,
780,B849TP184RUS,Ford Mondeo,2509.0,,
781,T345OA132RUS,Volkswagen Passat,,5.0,
782,B888MC47RUS,BMW 320,3918.0,9.0,
783,H932HT159RUS,Ford Mondeo,,8.0,
784,P686CC47RUS,Skoda Octavia,,6.0,
785,K679TA86RUS,Volkswagen Passat,4204.0,9.0,
786,T773PX182RUS,Volkswagen Passat,4955.0,4.0,
787,T753BT157RUS,Toyota Camry,1645.0,7.0,
788,K191KX39RUS,Volkswagen Passat,3038.0,6.0,
789,H321EX110RUS,Volkswagen Golf,1558.0,3.0,
790,T453MC158RUS,Volkswagen Golf,2114.0,9.0,
791,T453MC158RUS,Ford Mondeo,,5.0,
792,K607MM170RUS,Volkswagen Passat,1369.0,7.0,
793,C673CE193RUS,Ford Fiesta,1176.0,9.0,
794,T125PX109RUS,,2302.0,7.0,
795,K635TO127RUS,Volkswagen Passat,4429.0,2.0,
796,K383AA51RUS,Ford Fiesta,,2.0,
797,B564XT129RUS,,1814.0,3.0,
798,C398TC26RUS,,3086.0,8.0,
799,E893AK16RUS,Volkswagen Passat,1583.0,1.0,
800,H508OA79RUS,Skoda Octavia,2055.0,,
801,K488CT87RUS,Ford Fiesta,,9.0,
802,H811TO199RUS,Toyota Camry,809.0,10.0,
803,O827CE145RUS,Ford Focus,2236.0,2.0,
804,P141PC193RUS,Volkswagen Passat,3281.0,2.0,
805,T734MH38RUS,Ford Mondeo,3363.0,6.0,
806,K383AA51RUS,,2878.0,5.0,
807,E527KP183RUS,Volkswagen Golf,3266.0,4.0,
808,P260XT107RUS,Ford Mondeo,,1.0,
809,T400KO71RUS,BMW 320,1831.0,2.0,
810,X229XH80RUS,Ford Mondeo,,3.0,
811,O170AB188RUS,Volkswagen Passat,2365.0,5.0,
812,M181MH38RUS,Volkswagen Passat,3112.0,9.0,
813,E893AK16RUS,Volkswagen Passat,1063.0,10.0,
814,E639ME26RUS,Skoda Octavia,2749.0,10.0,
815,K191KX39RUS,Volkswagen Passat,,7.0,
816,X450MM75RUS,,3074.0,5.0,
817,X549CC189RUS,Volkswagen Golf,,2.0,
818,K488CT87RUS,Ford Focus,,7.0,
819,E911XK42RUS,Ford Mondeo,808.0,10.0,
820,X832CO153RUS,Volkswagen Passat,1900.0,7.0,
821,A902HT130RUS,Ford Mondeo,2251.0,9.0,
822,T650OB37RUS,Volkswagen Golf,4851.0,7.0,
823,T323PE160RUS,BMW 320,3452.0,,
824,M354PC62RUS,Volkswagen Passat,3576.0,5.0,
825,X948KE18RUS,Volkswagen Golf,3326.0,7.0,
826,T124MC74RUS,Skoda Octavia,651.0,3.0,
827,P703BA166RUS,Volkswagen Golf,,4.0,
828,T734MH38RUS,Volkswagen Passat,4914.0,2.0,
829,M954MT115RUS,,2212.0,10.0,
830,P260XT107RUS,Volkswagen Golf,2403.0,3.0,
831,H932HT159RUS,Ford Mondeo,1003.0,5.0,
832,E284TA157RUS,Skoda Octavia,986.0,,
833,T352TX66RUS,Volkswagen Passat,3518.0,7.0,
834,A741CH152RUS,Ford Mondeo,2853.0,6.0,
835,B877CO116RUS,Skoda Octavia,4455.0,9.0,
836,O438KH34RUS,Ford Focus,1918.0,7.0,
837,H321EX110RUS,Toyota Camry,1663.0,6.0,
838,H912TX128RUS,Volkswagen Golf,3390.0,8.0,
839,A706AX62RUS,Skoda Octavia,1589.0,10.0,
840,H588AO145RUS,,3754.0,8.0,
841,X270BH58RUS,Ford Fiesta,4881.0,6.0,
842,M128TT116RUS,Volkswagen Golf,1500.0,1.0,
843,T303TX108RUS,BMW 320,2613.0,6.0,
844,E527KP183RUS,Ford Mondeo,,3.0,
845,H932HT159RUS,Ford Fiesta,4981.0,2.0,
846,X144AC160RUS,BMW 320,899.0,6.0,
847,C232TX172RUS,Volkswagen Passat,4531.0,4.0,
848,E720TH149RUS,Ford Focus,2860.0,5.0,
849,K191KX39RUS,Ford Focus,4223.0,9.0,
850,P686CC47RUS,Ford Focus,3168.0,10.0,
851,E349TE61RUS,Ford Focus,,4.0,
852,O170AB188RUS,,4255.0,6.0,
853,K858KC94RUS,Ford Mondeo,1164.0,6.0,
854,X144AC160RUS,Ford Focus,2148.0,,
855,T323PE160RUS,Toyota Camry,988.0,2.0,
856,K191KX39RUS,Ford Fiesta,679.0,8.0,
857,T453MC158RUS,,2558.0,9.0,
858,H483MT43RUS,Volkswagen Golf,1187.0,2.0,
859,K850EX137RUS,Skoda Octavia,630.0,7.0,
860,O400BE42RUS,Volkswagen Passat,,8.0,
861,O501CX76RUS,Toyota Camry,4918.0,3.0,
862,B422PP59RUS,BMW 320,3116.0,4.0,
863,B736EA105RUS,Ford Mondeo,1902.0,8.0,
864,O541PC42RUS,Ford Mondeo,764.0,1.0,
865,K397KP50RUS,Skoda Octavia,3226.0,8.0,
866,T453MC158RUS,Ford Mondeo,4646.0,5.0,
867,C707PO39RUS,Volkswagen Passat,,3.0,
868,O704HM42RUS,Ford Focus,,2.0,
869,P141PC193RUS,BMW 320,2345.0,8.0,
870,B849TP184RUS,Ford Mondeo,3781.0,5.0,
871,H912TX128RUS,,2367.0,1.0,
872,O740BA44RUS,Toyota Camry,2330.0,6.0,
873,X581XT183RUS,Volkswagen Passat,1462.0,2.0,
874,T125PX109RUS,Volkswagen Passat,,2.0,
875,K322TP143RUS,,3334.0,8.0,
876,T125PX109RUS,Volkswagen Passat,4321.0,4.0,
877,P686CC47RUS,Ford Fiesta,3496.0,4.0,
878,K607MM170RUS,Ford Mondeo,4535.0,3.0,
879,P260XT107RUS,Volkswagen Golf,866.0,4.0,
880,K465KK188RUS,Ford Focus,3238.0,8.0,
881,E603MX87RUS,Volkswagen Passat,1284.0,6.0,
882,B332KC35RUS,Ford Focus,1795.0,5.0,
883,K512TM84RUS,Skoda Octavia,,5.0,
884,K750XK133RUS,,1485.0,2.0,
885,O740BA44RUS,Ford Fiesta,3400.0,10.0,
886,K322TP143RUS,BMW 320,1129.0,,
887,E541XT52RUS,Ford Focus,3907.0,7.0,
888,T400KO71RUS,Volkswagen Passat,4855.0,3.0,
889,E714KP21RUS,Ford Mondeo,4305.0,10.0,
890,K512TM84RUS,Ford Mondeo,1599.0,4.0,
891,X368KT116RUS,,1774.0,7.0,
892,A394HB54RUS,BMW 320,4735.0,8.0,
893,M354PC62RUS,Skoda Octavia,1753.0,7.0,
894,X450MM75RUS,Skoda Octavia,905.0,4.0,
895,X832CO153RUS,Toyota Camry,3519.0,6.0,
896,X765OO18RUS,Volkswagen Passat,4460.0,1.0,
897,X144AC160RUS,,4373.0,2.0,
898,C513CO59RUS,Volkswagen Passat,3504.0,10.0,
899,T124MC74RUS,BMW 320,2847.0,,
900,C537ET138RUS,,3385.0,7.0,
901,P102AC92RUS,Toyota Camry,,7.0,
902,X229XH80RUS,Volkswagen Passat,2560.0,6.0,
903,K850EX137RUS,Volkswagen Golf,4736.0,,
904,T947XA171RUS,Volkswagen Passat,3894.0,7.0,
905,H449XA106RUS,Volkswagen Golf,875.0,7.0,
906,B704XP18RUS,Ford Focus,2903.0,3.0,
907,H241TA46RUS,Ford Fiesta,2887.0,7.0,
908,P116HM150RUS,Skoda Octavia,2674.0,3.0,
909,T773PX182RUS,BMW 320,,9.0,
910,P512XC192RUS,Ford Focus,628.0,,
911,E629BT139RUS,Volkswagen Golf,1822.0,10.0,
912,A738MX48RUS,Volkswagen Passat,4298.0,5.0,
913,T305TM28RUS,Ford Focus,,7.0,
914,T924KT177RUS,Skoda Octavia,3487.0,9.0,
915,P597TT172RUS,Volkswagen Passat,1983.0,8.0,
916,T436XK85RUS,Volkswagen Golf,3934.0,8.0,
917,B332KC35RUS,Volkswagen Passat,,9.0,
918,B638MX94RUS,Ford Focus,1497.0,7.0,
919,P102AC92RUS,Ford Focus,3669.0,9.0,
920,X450MM75RUS,,4280.0,1.0,
921,E911XK42RUS,Volkswagen Golf,4140.0,10.0,
922,O610AT29RUS,BMW 320,4856.0,10.0,
923,H105TH162RUS,Volkswagen Golf,2430.0,10.0,
924,B630TT126RUS,Skoda Octavia,2572.0,4.0,
925,M282OK133RUS,BMW 320,3347.0,5.0,
926,K191KX39RUS,BMW 320,4172.0,9.0,
927,E284TA157RUS,,1914.0,9.0,
928,X549CC189RUS,Skoda Octavia,,6.0,
929,H932HT159RUS,BMW 320,3846.0,1.0,
930,B565MM178RUS,Skoda Octavia,3251.0,6.0,
931,H912TX128RUS,Ford Mondeo,648.0,4.0,
932,M354PC62RUS,Skoda Octavia,4985.0,9.0,
933,K488CT87RUS,Ford Mondeo,3056.0,1.0,
934,P218BM110RUS,Ford Focus,2857.0,5.0,
935,E720TH149RUS,Ford Fiesta,1193.0,9.0,
936,H673KA98RUS,Ford Focus,4452.0,4.0,
937,T352TX66RUS,,1509.0,4.0,
938,O248PC129RUS,Ford Focus,,5.0,
939,E629BT139RUS,BMW 320,3498.0,9.0,
940,C790PB112RUS,Toyota Camry,3044.0,,
941,H241TA46RUS,BMW 320,4953.0,10.0,
942,H241TA46RUS,Ford Mondeo,,2.0,
943,B565MM178RUS,Toyota Camry,3502.0,4.0,
944,A741CH152RUS,Ford Fiesta,2219.0,8.0,
945,H932OT27RUS,Ford Fiesta,3546.0,6.0,
946,O704HM42RUS,Skoda Octavia,1030.0,9.0,
947,O742XM40RUS,,1539.0,,
948,A902HT130RUS,Ford Fiesta,4479.0,1.0,
949,O438KH34RUS,Ford Fiesta,3212.0,6.0,
950,E231ME60RUS,Skoda Octavia,4565.0,10.0,
951,T116EM58RUS,Ford Fiesta,1377.0,7.0,
952,P553XA20RUS,Toyota Camry,2281.0,9.0,
953,E532TH131RUS,Volkswagen Golf,4807.0,4.0,
954,K624TT94RUS,BMW 320,1007.0,1.0,
955,A227PM105RUS,Volkswagen Passat,4058.0,9.0,
956,C851KP59RUS,,4360.0,8.0,
957,M282OK133RUS,BMW 320,3900.0,1.0,
958,P807TT161RUS,Ford Focus,1595.0,6.0,
959,P218BM110RUS,Volkswagen Passat,1990.0,8.0,
960,A483PP155RUS,Toyota Camry,4543.0,9.0,
961,E532TH131RUS,Skoda Octavia,4578.0,5.0,
962,A227PM105RUS,Toyota Camry,1884.0,7.0,
963,K635TO127RUS,Volkswagen Passat,2371.0,7.0,
964,A394HB54RUS,BMW 320,2525.0,5.0,
965,O400BE42RUS,Ford Mondeo,4517.0,1.0,
966,A634ET109RUS,Skoda Octavia,2489.0,3.0,
967,M128TT116RUS,Ford Focus,2129.0,,
968,O704HM42RUS,Volkswagen Passat,2456.0,2.0,
969,K624TT94RUS,Ford Fiesta,,2.0,
970,P437PM154RUS,Volkswagen Passat,2320.0,2.0,
971,T124MC74RUS,BMW 320,,7.0,
972,P807TT161RUS,Skoda Octavia,2511.0,3.0,
973,E882HT121RUS,Ford Fiesta,2073.0,7.0,
974,C537ET138RUS,Volkswagen Passat,1086.0,1.0,
975,A810MC52RUS,Toyota Camry,1512.0,2.0,
976,P443HK149RUS,,3035.0,8.0,
977,O248PC129RUS,Skoda Octavia,3617.0,1.0,
978,C851KP59RUS,BMW 320,2379.0,7.0,
979,H223BX110RUS,Skoda Octavia,1976.0,,
980,P141PC193RUS,,3418.0,3.0,
981,O501CX76RUS,Ford Focus,691.0,3.0,
982,X163XA123RUS,Skoda Octavia,1196.0,10.0,
983,A471PB165RUS,,1621.0,3.0,
984,A810MC52RUS,Volkswagen Passat,2215.0,8.0,
985,O632XE167RUS,Ford Focus,3406.0,,
986,T124MC74RUS,Skoda Octavia,723.0,7.0,
987,M203TC13RUS,Volkswagen Passat,4265.0,3.0,
988,E349TE61RUS,Ford Mondeo,,7.0,
989,K465KK188RUS,Volkswagen Passat,,5.0,
990,T492PC75RUS,Volkswagen Golf,2129.0,10.0,
991,P703BA166RUS,,3969.0,2.0,
992,H673KA98RUS,Skoda Octavia,1168.0,9.0,
993,H223BX110RUS,Volkswagen Passat,1069.0,,
994,M354PC62RUS,Ford Fiesta,3403.0,9.0,
995,K383AA51RUS,Ford Fiesta,959.0,7.0,
996,K614EC124RUS,Ford Focus,2499.0,,
997,T398XT143RUS,Volkswagen Passat,3373.0,10.0,
998,B332KC35RUS,Skoda Octavia,1869.0,3.0,
999,P597TT172RUS,Volkswagen Golf,2305.0,10.0,
1000,T323PE160RUS,Ford Focus,4467.0,1.0,
520,O740BA44RUS,BMW 320,,1.0,
493,B332KC35RUS,BMW 320,1114.0,10.0,
824,M354PC62RUS,Volkswagen Passat,3576.0,5.0,
571,A471PB165RUS,Volkswagen Golf,2054.0,9.0,
572,P443HK149RUS,BMW 320,1013.0,2.0,
575,P433AA197RUS,Ford Mondeo,1791.0,10.0,
481,K679TA86RUS,Ford Fiesta,3777.0,10.0,
721,B103PA133RUS,Volkswagen Passat,1935.0,5.0,
89,A471PB165RUS,,2829.0,4.0,
938,O248PC129RUS,Ford Focus,,5.0,
348,M365OP29RUS,Volkswagen Golf,711.0,7.0,
978,C851KP59RUS,BMW 320,2379.0,7.0,
390,H912TX128RUS,Skoda Octavia,2851.0,4.0,
126,C851KP59RUS,Ford Focus,2723.0,4.0,
197,P630CT54RUS,Ford Mondeo,1929.0,1.0,
601,K635TO127RUS,Volkswagen Passat,4504.0,10.0,
367,O541PC42RUS,Volkswagen Passat,773.0,10.0,
145,K424XT43RUS,Skoda Octavia,3560.0,5.0,
480,X368KT116RUS,BMW 320,3684.0,,
83,X144AC160RUS,BMW 320,4783.0,6.0,
413,E101XK169RUS,Skoda Octavia,4183.0,8.0,
961,E532TH131RUS,Skoda Octavia,4578.0,5.0,
487,O170AB188RUS,Volkswagen Golf,4322.0,3.0,
333,H588AO145RUS,Ford Focus,2906.0,9.0,
996,K614EC124RUS,Ford Focus,2499.0,,
820,X832CO153RUS,Volkswagen Passat,1900.0,7.0,
746,K383AA51RUS,Ford Mondeo,3167.0,8.0,
616,H241TA46RUS,Ford Mondeo,3226.0,4.0,
183,H483MT43RUS,Toyota Camry,812.0,4.0,
887,E541XT52RUS,Ford Focus,3907.0,7.0,
716,B289TO63RUS,Ford Fiesta,563.0,9.0,
428,M954MT115RUS,Ford Fiesta,1533.0,8.0,
254,B564XT129RUS,BMW 320,1583.0,10.0,
231,P116HM150RUS,Ford Fiesta,1840.0,6.0,
927,E284TA157RUS,,1914.0,9.0,
622,T124MC74RUS,Volkswagen Golf,4371.0,1.0,
123,H189MX164RUS,BMW 320,3819.0,8.0,
905,H449XA106RUS,Volkswagen Golf,875.0,7.0,
396,P433AA197RUS,Skoda Octavia,,8.0,
168,C707PO39RUS,Ford Focus,2558.0,8.0,
287,C851KP59RUS,BMW 320,3919.0,,
957,M282OK133RUS,BMW 320,3900.0,1.0,
473,K191KX39RUS,Volkswagen Passat,,6.0,
336,B380OH81RUS,Ford Fiesta,4878.0,6.0,
751,X270BH58RUS,Ford Mondeo,,8.0,
560,O400BE42RUS,Toyota Camry,,4.0,
14,K322TP143RUS,Volkswagen Passat,667.0,8.0,
328,E673CM167RUS,BMW 320,3118.0,3.0,
465,B289TO63RUS,Skoda Octavia,1252.0,2.0,
949,O438KH34RUS,Ford Fiesta,3212.0,6.0,
